author,texto,local,v1_lemma,attraction,copula,mod_verb,dialogue,dialect,dialect_attic,personal,known_sa,x_pronominal,y_adjectival,y_part,sg_pl,distance_v1v2,distance_xy,distance_yv2,personal2,v1,v1_analysis,v1_tense,v1_aor,x,y,y_analysis,y_part_tense,y_number,y_sg,y_aor,y_POS,y_adj,y2,y2_analysis,second_attraction,y3,y3_analysis,third_attraction,v2,v1_index,x_index,y_index,v2_index,var,part1_type,part1_trans,part2_type,part2_trans,marked,passage
Xenophon,Hellenica,6 1 13,ἀφίημι,TRUE,FALSE,FALSE,FALSE,attic,TRUE,TRUE,TRUE,TRUE,TRUE,TRUE,FALSE,5,1,3,True,ἀφῆκέ,aorist ind act 3rd sg,aor,TRUE,μοι,ἐλθόντι,aor part act masc/neut dat sg,aor,sg,TRUE,TRUE,part,FALSE,NA,NA,NA,NA,NA,NA,λέγειν,0,1,2,5,FALSE,movement,intransitive,NA,NA,FALSE,ἀφῆκέ μοι ἐλθόντι πρὸς ὑμᾶς λέγειν τἀληθῆ
Herodotus,Historiae,5 80,δέομαι,TRUE,TRUE,FALSE,FALSE,jonic,FALSE,TRUE,TRUE,FALSE,FALSE,FALSE,FALSE,5,5,1,True,δέεσθαι,pres inf mp,pres,FALSE,Αἰγινητέων,τιμωρητήρων,masc gen pl,NA,pl,FALSE,NA,noun,FALSE,NA,NA,NA,NA,NA,NA,γενέσθαι,6,5,10,11,FALSE,NA,NA,NA,NA,FALSE,τουτέων ἀδελφεῶν ἐουσέων δοκέω ἡμῖν Αἰγινητέων δέεσθαι τὸν θεὸν χρῆσαι τιμωρητήρων γενέσθαι.
Herodotus,Historiae,6 100,δέομαι,FALSE,TRUE,FALSE,FALSE,jonic,FALSE,TRUE,FALSE,FALSE,FALSE,FALSE,FALSE,3,3,1,True,ἐδεήθησαν,aor ind pass 3rd pl,aor,TRUE,Ἀθηναίων,βοηθοὺς,masc/fem acc pl,NA,pl,FALSE,NA,noun,FALSE,NA,NA,NA,NA,NA,NA,γενέσθαι,11,10,13,14,FALSE,NA,NA,NA,NA,FALSE,Ἐρετριέες δὲ πυνθανόμενοι τὴν στρατιὴν τὴν Περσικὴν ἐπὶ σφέας ἐπιπλέουσαν Ἀθηναίων ἐδεήθησαν σφίσι βοηθοὺς γενέσθαι.
Xenophon,Anabasis,6 6 33,δέομαι,FALSE,FALSE,FALSE,FALSE,attic,TRUE,TRUE,TRUE,TRUE,TRUE,TRUE,FALSE,9,3,4,True,δέονται,pres ind mp 3rd pl,pres,FALSE,σου,παραγενόμενον,aor part mid masc acc sg,aor,sg,TRUE,TRUE,part,FALSE,ἄρξαντα,aor part act masc acc sg,FALSE,NA,NA,NA,πεῖραν,0,2,5,9,NA,state,intransitive,transitive,transitive,FALSE,"δέονται δέ σου καὶ τοῦτο, παραγενόμενον καὶ ἄρξαντα ἑαυτῶν πεῖραν λαβεῖν καὶ Δεξίππου καὶ σφῶν τῶν ἄλλων οἷος ἕκαστός ἐστι, καὶ τὴν ἀξίαν ἑκάστοις νεῖμαι."
Xenophon,Cyropaedia,1 5 4,δέομαι,FALSE,FALSE,FALSE,FALSE,attic,TRUE,TRUE,FALSE,TRUE,TRUE,TRUE,FALSE,2,2,-1,True,δεόμενος,pres part mp masc nom sg,pres,FALSE,αὐτοῦ,ἄρχοντα,pres part act masc acc sg,pres,sg,TRUE,FALSE,part,FALSE,NA,NA,NA,NA,NA,NA,πειρᾶσθαι,5,6,8,7,NA,transitive,transitive,NA,NA,FALSE,"ἔπεμπε δὲ καὶ πρὸς Κῦρον, δεόμενος αὐτοῦ πειρᾶσθαι ἄρχοντα ἐλθεῖν τῶν ἀνδρῶν, εἴ τινας πέμποι στρατιώτας τὸ Περσῶν κοινόν."
Xenophon,Cyropaedia,7 2 23,δέομαι,FALSE,TRUE,FALSE,FALSE,attic,TRUE,TRUE,FALSE,TRUE,FALSE,FALSE,FALSE,3,1,1,True,δεομένων,pres part mp masc/neut gen pl,pres,FALSE,μου,προστάτην,masc acc sg,NA,sg,TRUE,NA,noun,FALSE,NA,NA,NA,NA,NA,NA,γενέσθαι,2,3,4,5,NA,NA,NA,NA,NA,FALSE,ὑπὸ τῶν δεομένων μου προστάτην γενέσθαι.
Xenophon,Hellenica,1 5 2,δέομαι,TRUE,TRUE,FALSE,FALSE,attic,TRUE,TRUE,FALSE,FALSE,TRUE,FALSE,FALSE,6,3,4,True,ἐδέοντο,imperf ind mp 3rd pl,imperf,FALSE,Κύρου,προθυμοτάτου,masc/neut gen superl sg,NA,sg,TRUE,NA,adj,TRUE,NA,NA,NA,NA,NA,NA,γενέσθαι,13,12,15,19,FALSE,NA,NA,NA,NA,FALSE,"ἐνταῦθα δὴ κατά τε τοῦ Τισσαφέρνους ἔλεγον ἃ πεποιηκὼς εἴη, αὐτοῦ τε Κύρου ἐδέοντο ὡς προθυμοτάτου πρὸς τὸν πόλεμον γενέσθαι."
Xenophon,Cyropaedia,6 4 9,δίδωμι,TRUE,TRUE,FALSE,FALSE,attic,TRUE,TRUE,TRUE,TRUE,FALSE,FALSE,FALSE,2,2,-1,True,δός,aor imperat act 2nd sg,aor,TRUE,μοι,Ἀξίῳ ... ἀνδρί,dat masc sg,NA,sg,TRUE,NA,noun,FALSE,ἀξίῳ ... φίλῳ,dat masc sg,TRUE,NA,NA,NA,φανῆναι,3,4,6,5,NA,NA,NA,NA,NA,FALSE,"ὦ Ζεῦ μέγιστε, δός μοι φανῆναι ἀξίῳ μὲν Πανθείας ἀνδρί, ἀξίῳ δὲ Κύρου φίλῳ"
Herodotus,Historiae,1 19,δοκεῖ,FALSE,FALSE,FALSE,FALSE,jonic,FALSE,FALSE,TRUE,TRUE,TRUE,TRUE,FALSE,4,2,3,dokei,ἔδοξε,aor ind act 3rd sg,aor,TRUE,αὐτῷ,πέμψαντα,aor part act masc acc sg,aor,sg,TRUE,TRUE,part,FALSE,NA,NA,NA,NA,NA,NA,ἐπειρέσθαι,17,16,18,21,TRUE,transitive,transitive,NA,NA,FALSE,"Μακροτέρης δέ οἱ γινομένης τῆς νούσου, πέμπει ἐς Δελφοὺς θεοπρόπους, εἴτε δὴ συμβουλεύσαντός τεο, εἴτε καὶ αὐτῷ ἔδοξε πέμψαντα τὸν θεὸν ἐπειρέσθαι περὶ τῆς νούσου."
Herodotus,Historiae,1 207,δοκεῖ,FALSE,FALSE,FALSE,FALSE,jonic,FALSE,FALSE,FALSE,TRUE,TRUE,TRUE,TRUE,2,2,1,dokei,δοκέει,pres ind act 3rd sg,pres,FALSE,μοι,διαβάντας,aor part act masc acc pl,aor,pl,FALSE,TRUE,part,FALSE,ποιεῦντας,aor part act masc acc pl,FALSE,NA,NA,NA,προελθεῖν,3,2,4,5,FALSE,movement,intransitive,NA,NA,FALSE,"Νῦν ὦν μοι δοκέει διαβάντας προελθεῖν ὅσον ἂν ἐκεῖνοι ὑπεξίωσι, ἐνθεῦτεν δὲ τάδε ποιεῦντας πειρᾶσθαι ἐκείνων περιγενέσθαι (...) % τούτοισι ὦν τοῖσι ἀνδράσι τῶν προβάτων ἀφειδέως πολλὰ κατακόψαντας καὶ σκευάσαντας προθεῖναι ἐν τῷ στρατοπέδῳ τῷ ἡμετέρῳ δαῖτα, πρὸς δὲ καὶ κρητῆρας ἀφειδέως οἴνου ἀκρήτου καὶ σιτία παντοῖα."
Herodotus,Historiae,1 3,δοκεῖ,FALSE,FALSE,FALSE,FALSE,jonic,FALSE,FALSE,FALSE,FALSE,TRUE,TRUE,FALSE,4,3,2,dokei,δόξαι,aor inf act,aor,TRUE,τοῖσι Ἕλλησι,πέμψαντας,aor part act masc acc pl,aor,pl,FALSE,TRUE,part,FALSE,NA,NA,NA,NA,NA,NA,ἀπαιτέειν,7,6,9,11,FALSE,transitive,transitive,NA,NA,FALSE,"Οὕτω δὴ ἁρπάσαντος αὐτοῦ Ἑλένην, τοῖσι Ἕλλησι δόξαι πρῶτον πέμψαντας ἀγγέλους ἀπαιτέειν τε Ἑλένην καὶ δίκας τῆς ἁρπαγῆς αἰτέειν."
Herodotus,Historiae,2 151,δοκεῖ,FALSE,FALSE,FALSE,FALSE,jonic,FALSE,FALSE,FALSE,TRUE,TRUE,TRUE,FALSE,2,2,-1,dokei,ἔδοξέ,aor ind act 3rd sg,aor,TRUE,σφι,ψιλώσαντας,aor part act masc acc pl,aor,pl,FALSE,TRUE,part,FALSE,NA,NA,NA,NA,NA,NA,διῶξαι,4,5,7,6,FALSE,transitive,transitive,movement,intransitive,FALSE,"ἐς δὲ τὰ ἕλεα ἔδοξέ σφι διῶξαι ψιλώσαντας τὰ πλεῖστα τῆς δυνάμιος, ἐκ δὲ τῶν ἑλέων ὁρμώμενον μὴ ἐπιμίσγεσθαι τῇ ἄλλῃ Αἰγύπτῳ."
Herodotus,Historiae,3 62,δοκεῖ,FALSE,FALSE,FALSE,FALSE,jonic,FALSE,FALSE,FALSE,TRUE,TRUE,TRUE,TRUE,4,2,3,dokei,δοκέει,pres ind act 3rd sg,pres,FALSE,μοι,μεταδιώξαντας,aor part act masc acc pl,aor,pl,FALSE,TRUE,part,FALSE,NA,NA,NA,NA,NA,NA,ἐξετάζειν,3,2,4,7,FALSE,transitive,transitive,NA,NA,FALSE,Νῦν ὦν μοι δοκέει μεταδιώξαντας τὸν κήρυκα ἐξετάζειν εἰρωτῶντας παρ' ὅτεο ἥκων προαγορεύει ἡμῖν Σμέρδιος βασιλέος ἀκούειν.
Herodotus,Historiae,4 11,δοκεῖ,FALSE,FALSE,FALSE,FALSE,jonic,FALSE,FALSE,FALSE,FALSE,TRUE,TRUE,FALSE,4,6,-1,dokei,δόξαι,aor inf act,aor,TRUE,τοῖσι δὲ βασιλεῦσι,ἀποθανόντας,aor part act masc acc pl,aor,pl,FALSE,TRUE,part,FALSE,λογισαμένους,aor part mid masc acc pl,FALSE,NA,NA,NA,κεῖσθαι,3,2,8,7,FALSE,state,intransitive,thinking,intransitive,TRUE,"τοῖσι δὲ βασιλεῦσι δόξαι ἐν τῇ ἑωυτῶν κεῖσθαι ἀποθανόντας μηδὲ συμφεύγειν τῷ δήμῳ, λογισαμένους ὅσα τε ἀγαθὰ πεπόνθασι καὶ ὅσα φεύγοντας ἐκ τῆς πατρίδος κακὰ ἐπίδοξα καταλαμβάνειν."
Herodotus,Historiae,4 134,δοκεῖ,FALSE,FALSE,FALSE,FALSE,jonic,FALSE,FALSE,FALSE,TRUE,TRUE,TRUE,TRUE,12,6,7,dokei,δοκέει,pres ind act 3rd sg,pres,FALSE,μοι,ἐκκαύσαντας,aor part act masc acc pl,aor,pl,FALSE,TRUE,part,FALSE,ἐξαπατήσαντας,aor part act masc acc pl,FALSE,καταδήσαντας,aor part act masc acc pl,FALSE,ποιέειν,3,2,8,15,FALSE,transitive,transitive,transitive,transitive,FALSE,"Νῦν ὦν μοι δοκέει, ἐπεὰν τάχιστα νὺξ ἐπέλθῃ, ἐκκαύσαντας τὰ πυρὰ ὡς ἐώθαμεν καὶ ἄλλοτε ποιέειν, τῶν στρατιωτέων τοὺς ἀσθενεστάτους ἐς τὰς ταλαιπωρίας ἐξαπατήσαντας καὶ τοὺς ὄνους πάντας καταδήσαντας ἀπαλλάσσεσθαι, πρὶν ἢ καὶ ἐπὶ τὸν Ἴστρον ἰθῦσαι Σκύθας λύσοντας τὴν γέφυραν ἢ καί τι Ἴωσι δόξαι τὸ ἡμέας οἷόν τε ἔσται ἐξεργάσασθαι."
Herodotus,Historiae,4 3,δοκεῖ,FALSE,FALSE,FALSE,FALSE,jonic,FALSE,FALSE,FALSE,TRUE,TRUE,TRUE,FALSE,13,7,7,dokei,δοκέει,pres ind act 3rd sg,pres,FALSE,μοι,λαβόντα,aor part act masc acc sg,aor,sg,TRUE,TRUE,part,FALSE,NA,NA,NA,NA,NA,NA,ἰέναι,3,2,9,16,FALSE,transitive,transitive,NA,NA,FALSE,"Νῦν ὦν μοι δοκέει αἰχμὰς μὲν καὶ τόξα μετεῖναι, λαβόντα δὲ ἕκαστον τοῦ ἵππου τὴν μάστιγα ἰέναι ἆσσον αὐτῶν."
Herodotus,Historiae,4 81,δοκεῖ,TRUE,FALSE,FALSE,FALSE,jonic,FALSE,FALSE,TRUE,TRUE,TRUE,TRUE,FALSE,5,5,1,dokei,δόξαι,aor inf act,aor,TRUE,οἱ,ποιήσαντι,aor part act masc/neut dat sg,aor,sg,TRUE,TRUE,part,FALSE,NA,NA,NA,NA,NA,NA,λιπέσθαι,8,7,12,13,FALSE,transitive,transitive,NA,NA,FALSE,Κομισθῆναί τε δὴ χρῆμα πολλὸν ἀρδίων καί οἱ δόξαι ἐξ αὐτέων μνημόσυνον ποιήσαντι λιπέσθαι· ἐκ τουτέων δέ μιν τὸ χαλκήιον ποιῆσαι τοῦτο καὶ ἀναθεῖναι ἐς τὸν Ἐξαμπαῖον τοῦτον.
Herodotus,Historiae,5 92 c,δοκεῖ,FALSE,FALSE,FALSE,FALSE,jonic,FALSE,FALSE,FALSE,TRUE,TRUE,TRUE,FALSE,6,5,4,dokei,ἔδοξε,aor ind act 3rd sg,aor,TRUE,σφι,παρελθόντας,aor part act masc acc pl,aor,pl,FALSE,TRUE,part,FALSE,NA,NA,NA,NA,NA,NA,μετίσχειν,6,3,8,12,FALSE,movement,intransitive,NA,NA,FALSE,ἐς ὃ δή σφι χρόνου ἐγγινομένου ἔδοξε αὖτις παρελθόντας πάντας τοῦ φόνου μετίσχειν.
Herodotus,Historiae,5 96,δοκεῖ,FALSE,TRUE,FALSE,FALSE,jonic,FALSE,FALSE,FALSE,TRUE,TRUE,FALSE,FALSE,-4,7,1,dokei,ἐδέδοκτο,plup ind mp 3rd sg,plup,FALSE,σφι,πολεμίους,masc acc pl,NA,pl,FALSE,NA,adj,TRUE,NA,NA,NA,NA,NA,NA,εἶναι,4,3,10,11,FALSE,NA,NA,NA,NA,FALSE,οὐκ ἐνδεκομένοισι δέ σφι ἐδέδοκτο ἐκ τοῦ φανεροῦ τοῖσι Πέρσῃσι πολεμίους εἶναι.
Herodotus,Historiae,6 22,δοκεῖ,FALSE,FALSE,FALSE,FALSE,jonic,FALSE,FALSE,FALSE,FALSE,TRUE,TRUE,FALSE,26,15,5,dokei,ἐδόκεε,imperf ind act 3rd sg,imperf,FALSE,βουλευομένοισι,μένοντας,pres part act masc acc pl,pres,pl,FALSE,FALSE,part,FALSE,NA,NA,NA,NA,NA,NA,δουλεύειν,0,6,21,26,FALSE,state,intransitive,NA,NA,FALSE,"ἐδόκεε δὲ μετὰ τὴν ναυμαχίην αὐτίκα βουλευομένοισι, πρὶν ἤ σφι ἐς τὴν χώρην ἀπικέσθαι τὸν τύραννον Αἰάκεα, ἐς ἀποικίην ἐκπλέειν μηδὲ μένοντας Μήδοισί τε καὶ Αἰάκεϊ δουλεύειν."
Herodotus,Historiae,6 86 a,δοκεῖ,FALSE,FALSE,FALSE,FALSE,jonic,FALSE,FALSE,FALSE,TRUE,TRUE,TRUE,FALSE,8,6,1,dokei,ἔδοξέ,aor ind act 3rd sg,aor,TRUE,μοι,ἐξαργυρώσαντα,aor part act masc acc sg,aor,sg,TRUE,TRUE,part,FALSE,NA,NA,NA,NA,NA,NA,θέσθαι,6,7,13,14,FALSE,absolute,intransitive,NA,NA,FALSE,"ταῦτά τε ὦν ἐπιλεγομένῳ καὶ βουλευομένῳ ἔδοξέ μοι τὰ ἡμίσεα πάσης τῆς οὐσίης ἐξαργυρώσαντα θέσθαι παρὰ σέ, εὖ ἐξεπισταμένῳ ὥς μοι κείμενα ἔσται παρὰ σοὶ σόα."
Herodotus,Historiae,9 106,δοκεῖ,FALSE,FALSE,FALSE,FALSE,jonic,FALSE,FALSE,FALSE,FALSE,TRUE,TRUE,FALSE,9,9,1,dokei,ἐδόκεε,imperf ind act 3rd sg,imperf,FALSE,τοῖσι ἐν τέλεϊ ἐοῦσι,ἐξαναστήσαντας,aor part act masc acc pl,aor,pl,FALSE,TRUE,part,FALSE,NA,NA,NA,NA,NA,NA,δοῦναι,8,7,16,17,FALSE,state,intransitive,NA,NA,FALSE,Πρὸς ταῦτα Πελοποννησίων μὲν τοῖσι ἐν τέλεϊ ἐοῦσι ἐδόκεε τῶν μηδισάντων ἐθνέων τῶν Ἑλληνικῶν τὰ ἔπιπλα ἐξαναστήσαντας δοῦναι τὴν χώρην Ἴωσι ἐνοικῆσαι·
Herodotus,Historiae,9 114,δοκεῖ,FALSE,FALSE,FALSE,FALSE,jonic,FALSE,FALSE,FALSE,FALSE,TRUE,TRUE,FALSE,13,7,1,dokei,ἔδοξε,aor ind act 3rd sg,aor,TRUE,Ἀθηναίοισι,ὑπομείναντας,aor part act masc acc pl,aor,pl,FALSE,TRUE,part,FALSE,NA,NA,NA,NA,NA,NA,πειρᾶσθαι,6,11,18,19,FALSE,state,intransitive,NA,NA,FALSE,"Τοῖσι μέν νυν ἀμφὶ Λευτυχίδην Πελοποννησίοισι ἔδοξε ἀποπλέειν ἐς τὴν Ἑλλάδα, Ἀθηναίοισι δὲ καὶ Ξανθίππῳ τῷ στρατηγῷ αὐτοῦ ὑπομείναντας πειρᾶσθαι τῆς Χερσονήσου."
Herodotus,Historiae,9 25,δοκεῖ,FALSE,FALSE,FALSE,FALSE,jonic,FALSE,FALSE,FALSE,TRUE,TRUE,TRUE,FALSE,-17,5,-4,dokei,ἔδοξέ,aor ind act 3rd sg,aor,TRUE,σφι,διαταχθέντας,aor part pass masc acc pl,aor,pl,FALSE,TRUE,part,FALSE,NA,NA,NA,NA,NA,NA,χρεὸν εἶναι,17,18,23,19,FALSE,absolute,intransitive,NA,NA,FALSE,ἐς τοῦτον δὴ τὸν χῶρον καὶ ἐπὶ τὴν κρήνην τὴν Γαργαφίην τὴν ἐν τῷ χώρῳ τούτῳ ἐοῦσαν ἔδοξέ σφι χρεὸν εἶναι ἀπικέσθαι καὶ διαταχθέντας στρατοπεδεύεσθαι.
Herodotus,Historiae,9 60,δοκεῖ,FALSE,FALSE,FALSE,FALSE,jonic,FALSE,FALSE,FALSE,TRUE,TRUE,TRUE,FALSE,-2,1,-2,dokei,δέδοκται,perf ind mp 3rd sg,perf,FALSE,ἡμῖν,ἀμυνομένους,pres part mp masc acc pl,pres,pl,FALSE,FALSE,part,FALSE,NA,NA,NA,NA,NA,NA,ποιητέον εἶναι,2,7,8,6,FALSE,transitive,transitive,NA,NA,FALSE,"Νῦν ὦν δέδοκται τὸ ἐνθεῦτεν τὸ ποιητέον ἡμῖν, ἀμυνομένους γὰρ τῇ δυνάμεθα ἄριστα περιστέλλειν ἀλλήλους."
Herodotus,Historiae,9 87,δοκεῖ,FALSE,FALSE,FALSE,FALSE,jonic,FALSE,FALSE,TRUE,FALSE,TRUE,TRUE,FALSE,5,4,-1,dokei,δέδοκται,perf ind mp 3rd sg,perf,FALSE,τοῖσι Ἕλλησι,πολιορκέοντας,pres part act masc acc pl,pres,pl,FALSE,FALSE,part,FALSE,NA,NA,NA,NA,NA,NA,ἀπαναστῆναι,4,6,10,9,FALSE,state,intransitive,NA,NA,FALSE,"Ἄνδρες Θηβαῖοι, ἐπειδὴ οὕτω δέδοκται τοῖσι Ἕλλησι, μὴ πρότερον ἀπαναστῆναι πολιορκέοντας ἢ ἐξέλωσι Θήβας ἢ ἡμέας αὐτοῖσι παραδῶτε (...)"
Plato,Laches,181 d,δοκεῖ,FALSE,FALSE,FALSE,TRUE,attic,TRUE,FALSE,FALSE,TRUE,TRUE,TRUE,FALSE,-3,5,-7,dokei,δοκεῖ,pres ind act 3rd sg,pres,FALSE,μοι,ὄντα,pres part act masc sg,pres,sg,TRUE,FALSE,part,FALSE,NA,NA,NA,NA,NA,NA,δικαιότατον εἶναι,3,2,7,0,NA,copula,intransitive,NA,NA,FALSE,δικαιότατον μέντοι μοι δοκεῖ εἶναι ἐμὲ νεώτερον ὄντα τῶνδε καὶ ἀπειρότερον τούτων ἀκούειν πρότερον τί λέγουσιν καὶ μανθάνειν παρ' αὐτῶν·
Plato,Leges,683 d,δοκεῖ,FALSE,FALSE,FALSE,TRUE,attic,TRUE,FALSE,FALSE,TRUE,TRUE,TRUE,FALSE,14,10,3,dokei,ἔδοξεν,aor ind act 3rd sg,aor,TRUE,αὐτοῖς,διανείμαντας,aor part act masc acc pl,aor,pl,FALSE,TRUE,part,FALSE,NA,NA,NA,NA,NA,NA,κατοικίζειν,5,6,16,19,NA,transitive,transitive,NA,NA,FALSE,"τὸ δὲ δὴ μετὰ τοῦτο ἔδοξεν αὐτοῖς, ὥς γε λέγεται τὸ τοῦ μύθου, τριχῇ τὸ στράτευμα διανείμαντας, τρεῖς πόλεις κατοικίζειν, Ἄργος, Μεσσήνην, Λακεδαίμονα."
Plato,Lysis,213 e,δοκεῖ,FALSE,FALSE,FALSE,TRUE,attic,TRUE,FALSE,FALSE,TRUE,TRUE,TRUE,FALSE,2,3,-2,dokei,δοκεῖ,pres ind act 3rd sg,pres,FALSE,μοι,σκοποῦντα,pres part act masc acc sg,pres,sg,TRUE,FALSE,part,FALSE,NA,NA,NA,NA,NA,NA,χρῆναι,3,4,7,5,NA,transitive,transitive,NA,NA,FALSE,"ᾗ δὲ ἐτράπημεν, δοκεῖ μοι χρῆναι ἰέναι, σκοποῦντα τὰ κατὰ τοὺς ποιητάς·"
Plato,Menexenus,239 c,δοκεῖ,FALSE,FALSE,FALSE,TRUE,attic,TRUE,FALSE,FALSE,TRUE,TRUE,TRUE,FALSE,1,4,-2,dokei,δοκεῖ,pres ind act 3rd sg,pres,FALSE,μοι,ἐπαινοῦντά,pres part act masc acc sg,pres,sg,TRUE,FALSE,part,FALSE,προμνώμενον,pres part mid masc acc sg,FALSE,NA,NA,NA,χρῆναι,3,2,6,4,NA,absolute,intransitive,absolute,intransitive,FALSE,τούτων πέρι μοι δοκεῖ χρῆναι ἐπιμνησθῆναι ἐπαινοῦντά τε καὶ προμνώμενον ἄλλοις ἐς ᾠδάς τε καὶ τὴν ἄλλην ποίησιν αὐτὰ θεῖναι πρεπόντως τῶν πραξάντων
Plato,Phaedo,86 d,δοκεῖ,FALSE,FALSE,FALSE,TRUE,attic,TRUE,FALSE,FALSE,TRUE,TRUE,TRUE,TRUE,27,23,2,dokei,δοκεῖ,pres ind act 3rd sg,pres,FALSE,μοι,ἀκούσαντας,aor part act masc acc pl,aor,pl,FALSE,TRUE,part,FALSE,NA,NA,NA,NA,NA,NA,συγχωρεῖν,0,2,25,27,NA,transitive,transitive,NA,NA,FALSE,"δοκεῖ μέντοι μοι χρῆναι πρὸ τῆς ἀποκρίσεως ἔτι πρότερον Κέβητος ἀκοῦσαι τί αὖ ὅδε ἐγκαλεῖ τῷ λόγῳ, ἵνα χρόνου ἐγγενομένου βουλευσώμεθα τί ἐροῦμεν, ἔπειτα δὲ ἀκούσαντας ἢ συγχωρεῖν αὐτοῖς ἐάν τι δοκῶσι προσᾴδειν, ἐὰν δὲ μή, οὕτως ἤδη ὑπερδικεῖν τοῦ λόγου."
Plato,Phaedo,98 e,δοκεῖ,FALSE,FALSE,FALSE,TRUE,attic,TRUE,FALSE,FALSE,TRUE,TRUE,TRUE,FALSE,-2,8,-1,dokei,ἔδοξε,aor ind act 3rd sg,aor,TRUE,ἐμοὶ,παραμένοντα,pres part act masc acc sg,pres,sg,TRUE,FALSE,part,FALSE,NA,NA,NA,NA,NA,NA,βέλτιον εἶναι,2,11,19,18,NA,state,intransitive,NA,NA,FALSE,"ἐπειδὴ Ἀθηναίοις ἔδοξε βέλτιον εἶναι ἐμοῦ καταψηφίσασθαι, διὰ ταῦτα δὴ καὶ ἐμοὶ βέλτιον αὖ δέδοκται ἐνθάδε καθῆσθαι, καὶ δικαιότερον παραμένοντα ὑπέχειν τὴν δίκην ἣν ἂν κελεύσωσιν·"
Plato,Phaedo,99 e,δοκεῖ,FALSE,FALSE,FALSE,TRUE,attic,TRUE,FALSE,FALSE,TRUE,TRUE,TRUE,FALSE,3,5,-4,dokei,ἔδοξε,aor ind act 3rd sg,aor,TRUE,μοι,καταφυγόντα,aor part act masc acc sg,aor,sg,TRUE,TRUE,part,FALSE,NA,NA,NA,NA,NA,NA,χρῆναι,0,2,7,3,NA,movement,intransitive,NA,NA,FALSE,ἔδοξε δή μοι χρῆναι εἰς τοὺς λόγους καταφυγόντα ἐν ἐκείνοις σκοπεῖν τῶν ὄντων τὴν ἀλήθειαν.
Plato,Respublica,578 d,δοκεῖ,FALSE,FALSE,FALSE,TRUE,attic,TRUE,FALSE,FALSE,TRUE,TRUE,TRUE,TRUE,3,7,-6,dokei,δοκεῖ,pres ind act 3rd sg,pres,FALSE,μοι,σκοποῦντας,pres part act masc acc pl,pres,pl,FALSE,FALSE,part,FALSE,NA,NA,NA,NA,NA,NA,δεῖν,0,2,9,3,NA,thinking,intransitive,NA,NA,FALSE,δοκεῖ γάρ μοι δεῖν ἐννοῆσαι ἐκ τῶνδε περὶ αὐτοῦ σκοποῦντας.
Xenophon,Anabasis,2 1 2,δοκεῖ,TRUE,FALSE,FALSE,FALSE,attic,TRUE,FALSE,FALSE,TRUE,TRUE,TRUE,FALSE,7,1,5,dokei,ἔδοξεν,aor ind act 3rd sg,aor,TRUE,αὐτοῖς,συσκευασαμένοις,aor part mid masc/neut dat pl,aor,pl,FALSE,TRUE,part,FALSE,ἐξοπλισαμένοις,aor part mid masc dat pl,TRUE,NA,NA,NA,προϊέναι,0,1,2,7,NA,transitive,transitive,state,intransitive,FALSE,ἔδοξεν αὐτοῖς συσκευασαμένοις ἃ εἶχον καὶ ἐξοπλισαμένοις προϊέναι.
Xenophon,Anabasis,3 2 1,δοκεῖ,FALSE,FALSE,FALSE,FALSE,attic,TRUE,FALSE,FALSE,TRUE,TRUE,TRUE,FALSE,4,2,1,dokei,ἔδοξεν,aor ind act 3rd sg,aor,TRUE,αὐτοῖς,καταστήσαντας,aor part act masc acc pl,aor,pl,FALSE,TRUE,part,FALSE,NA,NA,NA,NA,NA,NA,συγκαλεῖν,1,2,4,5,NA,state,intransitive,NA,NA,FALSE,καὶ ἔδοξεν αὐτοῖς προφυλακὰς καταστήσαντας συγκαλεῖν τοὺς στρατιώτας.
Xenophon,Anabasis,4 1 12,δοκεῖ,FALSE,FALSE,FALSE,FALSE,attic,TRUE,FALSE,FALSE,FALSE,TRUE,TRUE,FALSE,9,11,1,dokei,ἔδοξε,aor ind act 3rd sg,aor,TRUE,συνελθοῦσι τοῖς στρατηγοῖς καὶ λοχαγοῖς,ἔχοντας,pres part act masc acc pl,pres,pl,FALSE,FALSE,part,FALSE,καταλιπόντας,aor part act masc acc pl,FALSE,NA,NA,NA,πορεύεσθαι,11,8,19,20,NA,transitive,transitive,NA,NA,FALSE,"ἅμα δὲ τῇ ἡμέρᾳ συνελθοῦσι τοῖς στρατηγοῖς καὶ λοχαγοῖς τῶν Ἑλλήνων ἔδοξε τῶν τε ὑποζυγίων τὰ ἀναγκαῖα καὶ δυνατώτατα ἔχοντας πορεύεσθαι, καταλιπόντας τἆλλα, καὶ ὅσα ἦν νεωστὶ αἰχμάλωτα ἀνδράποδα ἐν τῇ στρατιᾷ πάντα ἀφεῖναι."
Xenophon,Anabasis,4 8 12,δοκεῖ,FALSE,FALSE,FALSE,FALSE,attic,TRUE,FALSE,FALSE,TRUE,TRUE,TRUE,TRUE,7,5,3,dokei,δοκεῖ,pres ind act 3rd sg,pres,FALSE,μοι,ποιησαμένους,aor part mid masc acc pl,aor,pl,FALSE,TRUE,part,FALSE,διαλιπόντας,aor part act masc acc pl,FALSE,NA,NA,NA,κατασχεῖν,2,1,6,9,NA,transitive,transitive,absolute,intransitive,FALSE,ἀλλά μοι δοκεῖ ὀρθίους τοὺς λόχους ποιησαμένους τοσοῦτον χωρίον κατασχεῖν διαλιπόντας τοῖς λόχοις ὅσον ἔξω τοὺς ἐσχάτους λόχους γενέσθαι τῶν πολεμίων κεράτων·
Xenophon,Anabasis,4 8 9,δοκεῖ,TRUE,FALSE,FALSE,FALSE,attic,TRUE,FALSE,TRUE,FALSE,TRUE,TRUE,FALSE,3,2,-1,dokei,ἔδοξε,aor ind act 3rd sg,aor,TRUE,τοῖς στρατηγοῖς,συλλεγεῖσιν,aor part pass masc/neut dat pl,aor,pl,FALSE,TRUE,part,FALSE,NA,NA,NA,NA,NA,NA,βουλεύσασθαι,2,4,6,5,NA,state,intransitive,NA,NA,FALSE,ἔπειτα δὲ ἔδοξε τοῖς στρατηγοῖς βουλεύσασθαι συλλεγεῖσιν ὅπως ὡς κάλλιστα ἀγωνιοῦνται
Xenophon,Anabasis,5 6 1,δοκεῖ,FALSE,FALSE,FALSE,FALSE,attic,TRUE,FALSE,FALSE,TRUE,TRUE,TRUE,FALSE,9,5,3,dokei,ἐδόκει,imperf ind act 3rd sg,imperf,FALSE,αὐτοῖς,παρακαλέσαντας,aor part act masc acc pl,aor,pl,FALSE,TRUE,part,FALSE,NA,NA,NA,NA,NA,NA,βουλεύεσθαι,1,2,7,10,NA,transitive,transitive,NA,NA,FALSE,καὶ ἐδόκει αὐτοῖς περὶ τῆς λοιπῆς πορείας παρακαλέσαντας τοὺς Σινωπέας βουλεύεσθαι.
Xenophon,Anabasis,6 6 30,δοκεῖ,FALSE,FALSE,FALSE,FALSE,attic,TRUE,FALSE,TRUE,TRUE,TRUE,TRUE,FALSE,17,1,15,dokei,ἔδοξεν,aor ind act 3rd sg,aor,TRUE,αὐτοῖς,πέμψαντας,aor part act masc acc pl,aor,pl,FALSE,TRUE,part,FALSE,NA,NA,NA,NA,NA,NA,δεῖσθαι,2,3,4,19,NA,transitive,transitive,NA,NA,FALSE,ἐκ τούτου ἔδοξεν αὐτοῖς πέμψαντας στρατηγοὺς καὶ λοχαγοὺς καὶ Δρακόντιον τὸν Σπαρτιάτην καὶ τῶν ἄλλων οἳ ἐδόκουν ἐπιτήδειοι εἶναι δεῖσθαι Κλεάνδρου κατὰ πάντα τρόπον ἀφεῖναι τὼ ἄνδρε.
Xenophon,Anabasis,6 6 38,δοκεῖ,FALSE,FALSE,FALSE,FALSE,attic,TRUE,FALSE,FALSE,TRUE,TRUE,TRUE,FALSE,4,2,1,dokei,ἔδοξεν,aor ind act 3rd sg,aor,TRUE,αὐτοῖς,ὑποστρέψαντας,aor part act masc acc pl,aor,pl,FALSE,TRUE,part,FALSE,NA,NA,NA,NA,NA,NA,ἐλθεῖν,0,1,3,4,NA,state,intransitive,NA,NA,FALSE,ἔδοξεν αὐτοῖς τοὔμπαλιν ὑποστρέψαντας ἐλθεῖν μίαν ἡμέραν καὶ νύκτα.
Xenophon,Anabasis,7 1 31,δοκεῖ,FALSE,FALSE,FALSE,FALSE,attic,TRUE,FALSE,FALSE,TRUE,TRUE,TRUE,TRUE,3,2,2,dokei,δοκεῖ,pres ind act 3rd sg,pres,FALSE,μοι,πέμψαντας,aor part act masc acc pl,aor,pl,FALSE,TRUE,part,FALSE,NA,NA,NA,NA,NA,NA,εἰπεῖν,3,2,4,6,NA,absolute,intransitive,NA,NA,FALSE,καὶ νῦν μοι δοκεῖ πέμψαντας Ἀναξιβίῳ εἰπεῖν (...).
Xenophon,Cyropaedia,3 3 14,δοκεῖ,FALSE,FALSE,FALSE,FALSE,attic,TRUE,FALSE,FALSE,TRUE,TRUE,TRUE,FALSE,21,21,2,dokei,δοκεῖ,pres ind act 3rd sg,pres,FALSE,ἡμῖν,καθημένους,perf part mid masc acc pl,perf,pl,FALSE,NA,part,FALSE,NA,NA,NA,NA,NA,NA,ὑπομένειν,2,0,21,23,NA,state,intransitive,NA,NA,FALSE,"ἡμῖν γὰρ δοκεῖ πᾶσιν, ἐπείπερ παρεσκευάσμεθα, μὴ ἐπειδὰν ἐμβάλωσιν οἱ πολέμιοι εἰς τὴν σὴν χώραν, τότε μάχεσθαι, μηδ' ἐν τῇ φιλίᾳ καθημένους ἡμᾶς ὑπομένειν, ἀλλ' ἰέναι ὡς τάχιστα εἰς τὴν πολεμίαν."
Xenophon,Hellenica,3 2 14,δοκεῖ,FALSE,FALSE,FALSE,FALSE,attic,TRUE,FALSE,FALSE,TRUE,TRUE,TRUE,FALSE,8,6,1,dokei,ἔδοξεν,aor ind act 3rd sg,aor,TRUE,αὐτοῖς,καταστήσαντας,aor part act masc acc pl,aor,pl,FALSE,TRUE,part,FALSE,NA,NA,NA,NA,NA,NA,διαβαίνειν,4,5,11,12,NA,state,intransitive,NA,NA,FALSE,"ἐπεὶ δ' ἐκεῖ ἦσαν, ἔδοξεν αὐτοῖς ἱκανὰς φυλακὰς εἰς τὰ ἐρύματα καταστήσαντας διαβαίνειν πάλιν ἐπὶ τὴν Ἰωνίαν."
Xenophon,Hellenica,3 5 23,δοκεῖ,FALSE,FALSE,FALSE,FALSE,attic,TRUE,FALSE,FALSE,TRUE,TRUE,TRUE,FALSE,5,3,1,dokei,ἔδοξεν,aor ind act 3rd sg,aor,TRUE,αὐτοῖς,ὑποσπόνδους,masc/fem acc pl,NA,pl,FALSE,NA,part,FALSE,NA,NA,NA,NA,NA,NA,ἀναιρεῖσθαι,4,5,8,9,NA,NA,NA,NA,NA,FALSE,διὰ οὖν πάντα ταῦτα ἔδοξεν αὐτοῖς τοὺς νεκροὺς ὑποσπόνδους ἀναιρεῖσθαι.
Plato,Protagoras,344 e,ἐγχωρεῖ,TRUE,TRUE,TRUE,TRUE,attic,TRUE,FALSE,TRUE,FALSE,TRUE,FALSE,FALSE,2,2,1,False,ἐγχωρεῖ,pres ind act 3rd sg,pres,FALSE,ἐσθλῷ,κακῷ,masc/neut dat sg,NA,sg,TRUE,NA,adj,TRUE,NA,NA,NA,NA,NA,NA,γενέσθαι,4,3,5,6,NA,NA,NA,NA,NA,FALSE,τῷ μὲν γὰρ ἐσθλῷ ἐγχωρεῖ κακῷ γενέσθαι.
Plato,Respublica,408 e,ἐγχωρεῖ,FALSE,FALSE,TRUE,TRUE,attic,TRUE,FALSE,TRUE,TRUE,FALSE,FALSE,FALSE,8,4,6,False,ἐγχωρεῖ,pres ind act 3rd sg,pres,FALSE,ᾗ,γενομένην,aor part mid fem acc sg,aor,sg,TRUE,TRUE,part,FALSE,οὖσαν,aor part mid fem acc sg,FALSE,NA,NA,NA,θεραπεύειν,5,3,7,13,NA,copula,intransitive,NA,NA,FALSE,"ἀλλὰ ψυχῇ σῶμα, ᾗ οὐκ ἐγχωρεῖ κακὴν γενομένην τε καὶ οὖσαν εὖ τι θεραπεύειν."
Herodotus,Historiae,1 123,ἐντέλλομαι,FALSE,FALSE,FALSE,FALSE,jonic,FALSE,TRUE,FALSE,TRUE,TRUE,TRUE,FALSE,8,3,4,True,ἐντειλάμενός,aor part mid masc nom sg,aor,TRUE,οἱ,διδόντα,pres part act masc acc sg,pres,sg,TRUE,FALSE,part,FALSE,NA,NA,NA,NA,NA,NA,ἐπειπεῖν,0,1,4,8,FALSE,transitive,transitive,NA,NA,TRUE,ἐντειλάμενός οἱ ἀπὸ γλώσσης διδόντα τὸν λαγὸν Κύρῳ ἐπειπεῖν αὐτοχειρίῃ μιν διελεῖν καὶ μηδένα οἱ ταῦτα ποιεῦντι παρεῖναι.
Herodotus,Historiae,1 47,ἐντέλλομαι,FALSE,FALSE,FALSE,FALSE,jonic,FALSE,TRUE,FALSE,FALSE,TRUE,TRUE,FALSE,26,17,6,True,ἐντειλάμενος,aor part mid masc nom sg,aor,TRUE,τοῖσι Λυδοῖσι,ἡμερολογέοντας,pres part act masc acc pl,pres,pl,FALSE,FALSE,part,FALSE,ἐπειρωτῶντας,pres part act masc acc pl,FALSE,NA,NA,NA,χρᾶσθαι,0,3,20,26,FALSE,state,intransitive,NA,NA,FALSE,"Ἐντειλάμενος δὲ τοῖσι Λυδοῖσι τάδε ἀπέπεμπε ἐς τὴν διάπειραν τῶν χρηστηρίων, ἀπ' ἧς ἂν ἡμέρης ὁρμηθέωσι ἐκ Σαρδίων, ἀπὸ ταύτης ἡμερολογέοντας τὸν λοιπὸν χρόνον ἑκατοστῇ ἡμέρῃ χρᾶσθαι τοῖσι χρηστηρίοισι, ἐπειρωτῶντας «ὅ τι ποιέων τυγχάνοι ὁ Λυδῶν βασιλεὺς Κροῖσος ὁ Ἀλυάττεω»·"
Herodotus,Historiae,2 121 c,ἐντέλλομαι,FALSE,FALSE,FALSE,FALSE,jonic,FALSE,TRUE,FALSE,TRUE,TRUE,TRUE,FALSE,9,7,1,True,ἐντείλασθαί,aor inf mid,aor,TRUE,σφι,συλλαβόντας,aor part act masc acc pl,aor,pl,FALSE,TRUE,part,FALSE,NA,NA,NA,NA,NA,NA,ἄγειν,17,18,25,26,FALSE,transitive,transitive,NA,NA,FALSE,"Ἀπορεόμενον δέ μιν τάδε ποιῆσαι· τοῦ φωρὸς τὸν νέκυν κατὰ τοῦ τείχεος κατακρεμάσαι, φυλάκους δὲ αὐτοῦ καταστήσαντα ἐντείλασθαί σφι, τὸν ἂν ἴδωνται ἀποκλαύσαντα ἢ κατοικτισάμενον, συλλαβόντας ἄγειν πρὸς ἑωυτόν."
Herodotus,Historiae,3 135,ἐντέλλομαι,FALSE,FALSE,FALSE,FALSE,jonic,FALSE,TRUE,FALSE,TRUE,TRUE,TRUE,FALSE,4,1,2,True,ἐνετέλλετό,imperf ind mp 3rd sg,imperf,FALSE,σφι,ἑπομένους,pres part mp masc acc pl,pres,pl,FALSE,FALSE,part,FALSE,NA,NA,NA,NA,NA,NA,διεξελθεῖν,10,11,12,14,FALSE,transitive,transitive,NA,NA,FALSE,"Ἐπείτε γὰρ τάχιστα ἡμέρη ἐπέλαμψε, καλέσας Περσέων ἄνδρας δοκίμους πεντεκαίδεκα ἐνετέλλετό σφι ἑπομένους Δημοκήδεϊ διεξελθεῖν τὰ παραθαλάσσια τῆς Ἑλλάδος, ὅκως τε μὴ διαδρήσεταί σφεας ὁ Δημοκήδης, ἀλλά μιν πάντως ὀπίσω ἀπάξουσι."
Herodotus,Historiae,3 25,ἐντέλλομαι,FALSE,FALSE,FALSE,FALSE,jonic,FALSE,TRUE,FALSE,TRUE,TRUE,TRUE,FALSE,8,4,6,True,ἐνετέλλετο,imperf ind mp 3rd sg,imperf,FALSE,τούτοισι,ἐξανδραποδισαμένους,aor part mp masc acc pl,aor,pl,FALSE,TRUE,part,FALSE,NA,NA,NA,NA,NA,NA,ἐμπρῆσαι,3,1,5,11,FALSE,absolute,intransitive,NA,NA,FALSE,"καὶ τούτοισι μὲν ἐνετέλλετο Ἀμμωνίους ἐξανδραποδισαμένους τὸ χρηστήριον τὸ τοῦ Διὸς ἐμπρῆσαι,"
Herodotus,Historiae,4 133,ἐντέλλομαι,FALSE,FALSE,FALSE,FALSE,jonic,FALSE,TRUE,FALSE,TRUE,TRUE,TRUE,FALSE,15,4,10,True,ἐντείλασθαι,aor inf mid,aor,TRUE,ὑμῖν,φρουρήσαντας,aor part act masc acc pl,aor,pl,FALSE,TRUE,part,FALSE,NA,NA,NA,NA,NA,NA,ἀπαλλάσσεσθαι,3,4,8,18,FALSE,transitive,transitive,NA,NA,FALSE,"Πυνθανόμεθα γὰρ Δαρεῖον ἐντείλασθαι ὑμῖν ἑξήκοντα ἡμέρας μούνας φρουρήσαντας τὴν γέφυραν, αὐτοῦ μὴ παραγενομένου ἐν τούτῳ τῷ χρόνῳ, ἀπαλλάσσεσθαι ἐς τὴν ὑμετέρην."
Herodotus,Historiae,5 12,ἐντέλλομαι,FALSE,FALSE,FALSE,FALSE,jonic,FALSE,TRUE,FALSE,FALSE,TRUE,TRUE,FALSE,5,2,2,True,ἐντείλασθαι,aor inf mid,aor,TRUE,Μεγαβάζῳ,ἑλόντα,aor part act masc acc sg,aor,sg,TRUE,TRUE,part,FALSE,NA,NA,NA,NA,NA,NA,ποιῆσαι,15,16,18,20,FALSE,transitive,transitive,NA,NA,FALSE,"Τελεωθέντων δὲ ἀμφοτέροισι οὗτοι μὲν κατὰ εἵλοντο ἐτράποντο, Δαρεῖον δὲ συνήνεικε πρῆγμα τοιόνδε ἰδόμενον ἐπιθυμῆσαι ἐντείλασθαι Μεγαβάζῳ Παίονας ἑλόντα ἀνασπάστους ποιῆσαι ἐκ τῆς Εὐρώπης ἐς τὴν Ἀσίην."
Plato,Respublica,341 e,ἐξαρκεῖ,TRUE,TRUE,TRUE,TRUE,attic,TRUE,FALSE,FALSE,FALSE,FALSE,FALSE,FALSE,-7,1,-1,False,ἐξαρκεῖ,pres ind act 3rd sg,pres,FALSE,σώματι,σώματι,neut dat sg,NA,sg,TRUE,NA,noun,FALSE,NA,NA,NA,NA,NA,NA,εἶναι,7,8,10,9,NA,NA,NA,NA,NA,FALSE,"ὥσπερ, ἔφην ἐγώ, εἴ με ἔροιο εἰ ἐξαρκεῖ σώματι εἶναι σώματι ἢ προσδεῖταί τινος, εἴποιμ᾽ ἂν ὅτι ‘παντάπασι μὲν οὖν προσδεῖται. διὰ ταῦτα καὶ ἡ τέχνη ἐστὶν ἡ ἰατρικὴ νῦν ηὑρημένη, ὅτι σῶμά ἐστιν πονηρὸν καὶ οὐκ ἐξαρκεῖ αὐτῷ τοιούτῳ εἶναι."
Plato,Symposium,192 b,ἐξαρκεῖ,TRUE,FALSE,TRUE,TRUE,attic,TRUE,FALSE,TRUE,TRUE,TRUE,FALSE,FALSE,4,4,-1,False,ἐξαρκεῖ,pres ind act 3rd sg,pres,FALSE,αὐτοῖς,ἀγάμοις,masc/fem/neut dat pl,NA,pl,FALSE,NA,adj,TRUE,NA,NA,NA,NA,NA,NA,καταζῆν,1,2,6,5,NA,NA,NA,NA,NA,FALSE,ἀλλ᾽ ἐξαρκεῖ αὐτοῖς μετ᾽ ἀλλήλων καταζῆν ἀγάμοις.
Xenophon,Memorabilia,4 3 13,ἐξαρκεῖ,TRUE,FALSE,TRUE,TRUE,attic,TRUE,FALSE,TRUE,TRUE,TRUE,TRUE,FALSE,6,4,1,False,ἐξαρκῇ,pres subj act 3rd sg,pres,FALSE,σοι,ὁρῶντι,pres part act masc/neut dat sg,pres,sg,TRUE,FALSE,part,FALSE,NA,NA,NA,NA,NA,NA,σέβεσθαι,1,2,6,7,NA,transitive,transitive,NA,NA,FALSE,ἀλλ᾽ ἐξαρκῇ σοι τὰ ἔργα αὐτῶν ὁρῶντι σέβεσθαι καὶ τιμᾶν τοὺς θεούς.
Herodotus,Historiae,1 54,ἔξεστι,FALSE,TRUE,TRUE,FALSE,jonic,FALSE,FALSE,FALSE,FALSE,TRUE,FALSE,FALSE,7,3,-1,False,ἐξειναι,pres inf act,pres,FALSE,τῷ βουλευομένῳ,Δελφόν,masc acc sg,NA,sg,TRUE,NA,adj,TRUE,NA,NA,NA,NA,NA,NA,γίνεσθαι,0,2,6,7,FALSE,copula,intransitive,NA,NA,TRUE,ἐξεῖναι τῷ βουλευομένῳ αὐτῶν γίνεσθαι Δελφὸν ἐς τὸν αἰεὶ χρόνον.
Plato,Protagoras,350 e.4,ἔξεστι,TRUE,FALSE,TRUE,TRUE,attic,TRUE,FALSE,FALSE,TRUE,TRUE,TRUE,FALSE,8,1,5,False,ἐξείη,pres opt act 3rd sg,pres,FALSE,σοι,χρωμένῳ,pres part mp masc/neut dat sg,pres,sg,TRUE,FALSE,part,FALSE,NA,NA,NA,NA,NA,NA,λέγειν,4,6,7,12,NA,transitive,transitive,NA,NA,FALSE,"ταῦτα δὲ ἐμοῦ ὁμολογήσαντος ἐξείη ἄν σοι, χρωμένῳ τοῖς αὐτοῖς τεκμηρίοις τούτοις, λέγειν ὡς κατὰ τὴν ἐμὴν ὁμολογίαν ἡ σοφία ἐστὶν ἰσχύς."
Plato,Respublica,360b.6,ἔξεστι,TRUE,FALSE,TRUE,TRUE,attic,TRUE,FALSE,FALSE,TRUE,TRUE,TRUE,FALSE,15,10,4,False,ἐξὸν,pres part act neut nom/voc/acc sg,pres,FALSE,αὐτῷ,εἰσιόντι,pres part act masc/neut dat sg,pres,sg,TRUE,FALSE,part,FALSE,ὄντα,pres part act masc acc sg,FALSE,NA,NA,NA,συγγίγνεσθαι,0,1,11,15,NA,movement,intransitive,copula,intransitive,TRUE,"ἐξὸν αὐτῷ καὶ ἐκ τῆς ἀγορᾶς ἀδεῶς ὅτι βούλοιτο λαμβάνειν, καὶ εἰσιόντι εἰς τὰς οἰκίας συγγίγνεσθαι ὅτῳ βούλοιτο, καὶ ἀποκτεινύναι καὶ ἐκ δεσμῶν λύειν οὕστινας βούλοιτο, καὶ τἆλλα πράττεινἐν τοῖς ἀνθρώποις ἰσόθεον ὄντα."
Plato,Respublica,422 b.10,ἔξεστι,FALSE,FALSE,TRUE,TRUE,attic,TRUE,FALSE,FALSE,FALSE,TRUE,TRUE,FALSE,10,4,2,False,ἐξείη,pres opt act 3rd sg,pres,FALSE,ὑποφεύγοντι,προσφερόμενον,pres part mp masc acc sg,pres,sg,TRUE,FALSE,part,FALSE,ἀναστρέφοντα,pres part act masc acc sg,FALSE,NA,NA,NA,κρούειν,2,6,10,12,NA,state,intransitive,transitive,transitive,FALSE,"Οὐδ' εἰ ἐξείη, ἦν δ' ἐγώ, ὑποφεύγοντι τὸν πρότερον ἀεὶ προσφερόμενον ἀναστρέφοντα κρούειν, καὶ τοῦτο ποιοῖ πολλάκις ἐν ἡλίῳ τε καὶ πνίγει;"
Xenophon,Agesilaus,2 12,ἔξεστι,TRUE,FALSE,TRUE,FALSE,attic,TRUE,FALSE,TRUE,TRUE,TRUE,TRUE,FALSE,7,4,1,False,ἐξὸν,pres part act neut nom/voc/acc sg,pres,FALSE,αὐτῷ,ἑπομένῳ,pres part mp masc/neut dat sg,pres,sg,TRUE,FALSE,part,FALSE,NA,NA,NA,NA,NA,NA,χειροῦσθαι,0,2,6,7,FALSE,transitive,transitive,NA,NA,FALSE,"ἐξὸν γὰρ αὐτῷ παρέντι τοὺς διαπίπτοντας ἑπομένῳ χειροῦσθαι τοὺς ὄπισθεν οὐκ ἐποίησε τοῦτο, ἀλλ' ἀντιμέτωπος συνέρραξε τοῖς Θηβαίοις."
Xenophon,Anabasis,2 5 18,ἔξεστι,TRUE,FALSE,TRUE,FALSE,attic,TRUE,FALSE,TRUE,TRUE,TRUE,TRUE,FALSE,4,2,3,False,ἔξεστι,pres ind act 3rd sg,pres,FALSE,ἡμῖν,προκαταλαβοῦσιν,aor part act masc/neut dat pl,aor,pl,FALSE,TRUE,part,FALSE,NA,NA,NA,NA,NA,NA,παρέχειν,2,1,3,6,NA,transitive,transitive,NA,NA,FALSE,ἃ ἡμῖν ἔξεστι προκαταλαβοῦσιν ἄπορα ὑμῖν παρέχειν
Xenophon,Anabasis,7 1 21,ἔξεστι,TRUE,TRUE,TRUE,FALSE,attic,TRUE,FALSE,TRUE,TRUE,FALSE,FALSE,FALSE,4,4,1,False,ἔξεστιν,pres ind act 3rd sg,pres,FALSE,σοι,ἀνδρὶ,fem voc sg,NA,sg,TRUE,NA,noun,FALSE,NA,NA,NA,NA,NA,NA,γενέσθαι,2,1,5,6,NA,NA,NA,NA,NA,FALSE,"νῦν σοι ἔξεστιν, ὦ Ξενοφῶν, ἀνδρὶ γενέσθαι"
Xenophon,Cyropaedia,2 1 15,ἔξεστι,FALSE,FALSE,TRUE,FALSE,attic,TRUE,FALSE,TRUE,TRUE,TRUE,TRUE,FALSE,15,3,10,False,ἔξεστι,pres ind act 3rd sg,pres,FALSE,ὑμῖν,λαβόντας,aor part act masc acc pl,aor,pl,FALSE,TRUE,part,FALSE,NA,NA,NA,NA,NA,NA,ἐμβαίνειν,0,2,5,15,TRUE,transitive,transitive,NA,NA,FALSE,"ἔξεστι δ' ὑμῖν, εἰ βούλεσθε, λαβόντας ὅπλα οἷάπερ ἡμεῖς ἔχομεν εἰς τὸν αὐτὸν ἡμῖν κίνδυνον ἐμβαίνειν, καὶ ἄν τι ἐκ τούτων καλὸν κἀγαθὸν γίγνηται, τῶν ὁμοίων ἡμῖν ἀξιοῦσθαι."
Xenophon,Cyropaedia,8 3 50,ἔξεστι,TRUE,FALSE,TRUE,FALSE,attic,TRUE,FALSE,TRUE,TRUE,TRUE,TRUE,FALSE,11,1,9,False,ἐξέσοιτο,fut opt mid 3rd sg,fut,FALSE,αὐτῷ,ἀπαλλαγέντι,aor part pass masc/neut dat sg,aor,sg,TRUE,TRUE,part,FALSE,NA,NA,NA,NA,NA,NA,ἔχειν,6,7,8,17,NA,transitive,transitive,NA,NA,TRUE,"οὕτω δὴ ὅτε Φεραύλας ὑπερήδετο ὅτι ἐξέσοιτο αὐτῷ ἀπαλλαγέντι τῆς τῶν ἄλλων κτημάτων ἐπιμελείας ἀμφὶ τοὺς φίλους ἔχειν, ὅ τε Σάκας ὅτι ἔμελλε πολλὰ ἔχων πολλοῖς χρήσεσθαι."
Xenophon,De republica Lacedaemoniorum,13 9,ἔξεστι,TRUE,FALSE,TRUE,FALSE,attic,TRUE,FALSE,TRUE,FALSE,TRUE,TRUE,FALSE,8,2,3,False,ἔξεστι,pres ind act 3rd sg,pres,FALSE,τῷ νέῳ,κεχριμένῳ,perf part mp masc/neut dat sg,perf,sg,TRUE,NA,part,FALSE,φαιδρὸν,masc acc sg,FALSE,NA,NA,NA,συνιέναι,0,3,5,8,NA,state,intransitive,NA,NA,TRUE,ἔξεστι δὲ τῷ νέῳ καὶ κεχριμένῳ εἰς μάχην συνιέναι καὶ φαιδρὸν εἶναι καὶ εὐδοκιμεῖν.
Xenophon,Hellenica,4 1 35,ἔξεστι,FALSE,FALSE,TRUE,FALSE,attic,TRUE,FALSE,TRUE,TRUE,TRUE,TRUE,FALSE,10,3,6,False,ἔξεστί,pres ind act 3rd sg,pres,FALSE,σοι,γενομένῳ,aor part mid masc/neut dat sg,aor,sg,TRUE,TRUE,part,FALSE,προσκυνοῦντα,pres part act masc acc sg,FALSE,καρπούμενον,pres part mid masc acc sg,FALSE,ζῆν,2,3,6,12,NA,transitive,transitive,transitive,transitive,TRUE,νῦν δὲ ἔξεστί σοι μεθ' ἡμῶν γενομένῳ μηδένα προσκυνοῦντα μηδὲ δεσπότην ἔχοντα ζῆν καρπούμενον τὰ σαυτοῦ.
Xenophon,Hellenica,4 8 4,ἔξεστι,FALSE,TRUE,TRUE,FALSE,attic,TRUE,FALSE,FALSE,TRUE,FALSE,FALSE,FALSE,10,8,1,False,ἔξεστιν,pres ind act 3rd sg,pres,FALSE,ὑμῖν,εὐεργέτας,masc acc pl,NA,pl,FALSE,NA,noun,FALSE,NA,NA,NA,NA,NA,NA,φανῆναι,3,4,12,13,NA,NA,NA,NA,NA,TRUE,"Ὦ ἄνδρες, νῦν ἔξεστιν ὑμῖν καὶ πρόσθεν φίλοις οὖσι τῇ πόλει ἡμῶν εὐεργέτας φανῆναι τῶν Λακεδαιμονίων."
Xenophon,Hellenica,5 4 26,ἔξεστι,TRUE,FALSE,TRUE,FALSE,attic,TRUE,FALSE,FALSE,TRUE,TRUE,TRUE,FALSE,4,6,-3,False,ἔξεστί,pres ind act 3rd sg,pres,FALSE,σοι,δεηθέντι,aor part pass masc/neut dat sg,aor,sg,TRUE,TRUE,part,FALSE,NA,NA,NA,NA,NA,NA,σῶσαι,0,1,7,4,NA,transitive,transitive,NA,NA,TRUE,"Ἔξεστί σοι, ὦ υἱέ, σῶσαι τὸν πατέρα, δεηθέντι Ἀρχιδάμου εὐμενῆ Ἀγησίλαον ἐμοὶ εἰς τὴν κρίσιν παρασχεῖν."
Xenophon,Hellenica,5 4 60,ἔξεστι,FALSE,FALSE,TRUE,FALSE,attic,TRUE,FALSE,FALSE,TRUE,TRUE,TRUE,FALSE,9,2,5,False,ἐξεῖναι,pres inf act,pres,FALSE,σφίσι,πληρώσαντας,aor part act masc acc pl,aor,pl,FALSE,TRUE,part,FALSE,NA,NA,NA,NA,NA,NA,ἑλεῖν,0,2,4,9,NA,NA,NA,NA,NA,FALSE,ἐξεῖναι γὰρ σφίσι ναῦς πληρώσαντας πολὺ πλείους τῶν Ἀθηναίων ἑλεῖν λιμῷ τὴν πόλιν αὐτῶν·
Xenophon,Hellenica,7 1 17,ἔξεστι,TRUE,FALSE,TRUE,FALSE,attic,TRUE,FALSE,TRUE,FALSE,TRUE,TRUE,FALSE,14,1,10,False,ἐξὸν,pres part act neut nom/voc/acc sg,pres,FALSE,τῷ Λακεδαιμονίων πολεμάρχῳ,λαβόντι,aor part act masc/neut dat sg,aor,sg,TRUE,TRUE,part,FALSE,NA,NA,NA,NA,NA,NA,κατέχειν,0,3,4,14,NA,transitive,transitive,NA,NA,FALSE,"(...) ἐξὸν τῷ Λακεδαιμονίων πολεμάρχῳ λαβόντι ὁπόσους μὲν ἐβούλετο τῶν συμμάχων ὁπλίτας, ὁπόσους δὲ πελταστάς, κατέχειν τὸ χωρίον, καὶ γὰρ τὰ ἐπιτήδεια ἐξῆν ἀσφαλῶς ἐκ Κεγχρειῶν κομίζεσθαι, οὐκ ἐποίησε ταῦτα (...)"
Xenophon,Hiero,11 10,ἔξεστι,TRUE,FALSE,TRUE,TRUE,attic,TRUE,FALSE,FALSE,TRUE,TRUE,TRUE,FALSE,10,6,1,False,ἐξείη,pres opt act 3rd sg,pres,FALSE,σοι,θεωρήσοντι,fut part act masc/neut dat sg,NA,sg,TRUE,NA,part,FALSE,μένοντι,pres part act masc/neut dat sg,TRUE,NA,NA,NA,πορεύεσθαι,1,4,10,11,NA,perception,intransitive,state,intransitive,FALSE,"καὶ ἐξείη μὲν ἄν σοι ἕνεκεν ἀσφαλείας, εἴ ποι βούλοιο, θεωρήσοντι πορεύεσθαι, ἐξείη δ' ἂν αὐτοῦ μένοντι τοῦτο πράττειν"
Xenophon,Hiero,6 11,ἔξεστι,TRUE,FALSE,TRUE,TRUE,attic,TRUE,FALSE,FALSE,TRUE,TRUE,TRUE,FALSE,8,7,-1,False,ἐξῇ,pres subj act 3rd sg,pres,FALSE,αὐτοῖς,ἀποκτείνασι,aor part act masc/neut dat pl,aor,pl,FALSE,TRUE,part,FALSE,NA,NA,NA,NA,NA,NA,λαβεῖν,0,2,9,8,NA,transitive,transitive,NA,NA,TRUE,ἐξῇ δ' αὐτοῖς ἐν ὀλίγῳ χρόνῳ πολὺ πλείω λαβεῖν ἀποκτείνασι τὸν τύραννον ἢ ὅσα πολὺν χρόνον φυλάττοντες παρὰ τοῦ τυράννου λαμβάνουσιν.
Xenophon,Hipparchicus,4 12,ἔξεστι,FALSE,FALSE,TRUE,FALSE,attic,TRUE,FALSE,FALSE,FALSE,TRUE,TRUE,FALSE,8,8,1,False,ἐξέσται,fut ind mid 3rd sg,fut,FALSE,τῷ μὲν κρυπτὰς ἔχοντι φυλακὰς,φυλάττοντα,pres part act masc acc sg (attic),pres,sg,TRUE,FALSE,part,FALSE,NA,NA,NA,NA,NA,NA,πειρᾶσθαι,7,6,14,15,NA,transitive,transitive,NA,NA,FALSE,ἔτι δὲ τῷ μὲν κρυπτὰς ἔχοντι φυλακὰς ἐξέσται μὲν φανεροῖς ὀλίγοις ἔμπροσθεν τῶν κρυπτῶν φυλάττοντα πειρᾶσθαι τοὺς πολεμίους εἰς ἐνέδρας ὑπάγειν·
Xenophon,Memorabilia,2 1 33,ἔξεστι,TRUE,FALSE,TRUE,TRUE,attic,TRUE,FALSE,TRUE,TRUE,TRUE,TRUE,FALSE,5,7,4,False,ἔξεστι,pres ind act 3rd sg,pres,FALSE,σοι,διαπονησαμένῳ,aor part mid masc/neut dat sg,aor,sg,TRUE,TRUE,part,FALSE,NA,NA,NA,NA,NA,NA,κεκτῆσθαι,7,1,8,12,NA,absolute,intransitive,NA,NA,FALSE,"τοιαῦτά σοι, ὦ παῖ τοκέων ἀγαθῶν Ἡράκλεις, ἔξεστι διαπονησαμένῳ τὴν μακαριστοτάτην εὐδαιμονίαν κεκτῆσθαι."
Xenophon,Memorabilia,2 6 36,ἔξεστι,TRUE,FALSE,TRUE,TRUE,attic,TRUE,FALSE,TRUE,TRUE,TRUE,TRUE,FALSE,4,4,-1,False,ἐξεῖναί,pres inf act,pres,FALSE,μοι,ἐπαινοῦντι,pres part act masc/neut dat sg,pres,sg,TRUE,FALSE,part,FALSE,NA,NA,NA,NA,NA,NA,λέγειν,9,10,14,13,NA,absolute,intransitive,NA,NA,FALSE,ἃ δὴ καὶ ἐγὼ πεισθεὶς ὀρθῶς ἔχειν ἡγοῦμαι οὐκ ἐξεῖναί μοι περὶ σοῦ λέγειν ἐπαινοῦντι οὐδὲν ὅ τι ἂν μὴ ἀληθεύω.
Xenophon,Memorabilia,3 9 9,ἔξεστι,FALSE,FALSE,TRUE,TRUE,attic,TRUE,FALSE,TRUE,TRUE,TRUE,TRUE,FALSE,3,2,-1,False,ἐξεῖναι,pres inf act,pres,FALSE,αὐτοῖς,πράξοντας,fut part act masc acc pl,NA,pl,FALSE,NA,part,FALSE,NA,NA,NA,NA,NA,NA,ἰέναι,0,2,4,3,NA,transitive,transitive,NA,NA,FALSE,ἐξεῖναι γὰρ αὐτοῖς ἰέναι πράξοντας τὰ βελτίω τούτων.
Xenophon,Memorabilia,4 5 10,ἔξεστι,TRUE,FALSE,TRUE,TRUE,attic,TRUE,FALSE,TRUE,TRUE,TRUE,TRUE,FALSE,2,5,-1,False,ἔξεστι,pres ind act 3rd sg,pres,FALSE,ᾧ,κατεχομένῳ,pres part mp masc/neut dat sg,pres,sg,TRUE,FALSE,part,FALSE,NA,NA,NA,NA,NA,NA,πράττειν,11,9,14,13,NA,absolute,intransitive,NA,NA,FALSE,"τῷ γὰρ ἂν ἧττον φήσαιμεν τῶν τοιούτων προσήκειν, ἢ ᾧ ἥκιστα ἔξεστι ταῦτα πράττειν κατεχομένῳ ἐπὶ τῷ σπουδάζειν περὶ τὰς ἐγγυτάτω ἡδονάς;"
Xenophon,Memorabilia,4 5 11,ἔξεστι,FALSE,FALSE,TRUE,TRUE,attic,TRUE,FALSE,FALSE,FALSE,TRUE,TRUE,FALSE,16,11,6,False,ἔξεστι,pres ind act 3rd sg,pres,FALSE,τοῖς ἐγκρατέσι μόνοις,διαλέγοντας,pres part act masc acc pl,pres,pl,FALSE,FALSE,part,FALSE,NA,NA,NA,NA,NA,NA,προαιρεῖσθαι,4,3,14,20,NA,absolute,intransitive,NA,NA,FALSE,"ἀλλὰ τοῖς ἐγκρατέσι μόνοις ἔξεστι σκοπεῖν τὰ κράτιστα τῶν πραγμάτων, καὶ λόγῳ καὶ ἔργῳ διαλέγοντας κατὰ γένη τὰ μὲν ἀγαθὰ προαιρεῖσθαι, τῶν δὲ κακῶν ἀπέχεσθαι."
Herodotus,Historiae,4 33,ἐπισκήπτω,FALSE,FALSE,FALSE,FALSE,jonic,FALSE,TRUE,FALSE,FALSE,TRUE,TRUE,FALSE,2,2,1,True,ἐπισκήπτειν,pres inf act,pres,FALSE,τοῖσι πλησιοχώροισι,κελεύοντας,pres part act masc acc pl,pres,pl,FALSE,FALSE,part,FALSE,NA,NA,NA,NA,NA,NA,προπέμπειν,14,13,15,16,FALSE,absolute,intransitive,NA,NA,FALSE,οὕτω δὴ φέροντας ἐς τοὺς οὔρους τὰ ἱρὰ ἐνδεδεμένα ἐν πυρῶν καλάμῃ τοῖσι πλησιοχώροισι ἐπισκήπτειν κελεύοντας προπέμπειν σφέα ἀπὸ ἑωυτῶν ἐς ἄλλο ἔθνος.
Herodotus,Historiae,4 89,παραγγέλλω,FALSE,FALSE,FALSE,FALSE,jonic,FALSE,TRUE,FALSE,FALSE,TRUE,TRUE,FALSE,16,18,-1,True,παραγγείλας,aor part act masc nom/voc sg,aor,TRUE,τοῖσι Ἴωσι,ζευγνύντας,pres part act masc acc pl,pres,pl,FALSE,FALSE,part,FALSE,NA,NA,NA,NA,NA,NA,περιμένειν,10,9,27,26,FALSE,transitive,transitive,NA,NA,FALSE,"Δαρεῖος δὲ δωρησάμενος Μανδροκλέα διέβαινε ἐς τὴν Εὐρώπην, τοῖσι Ἴωσι παραγγείλας πλέειν ἐς τὸν Πόντον μέχρι Ἴστρου ποταμοῦ, ἐπεὰν δὲ ἀπίκωνται ἐς τὸν Ἴστρον, ἐνθαῦτα αὐτὸν περιμένειν, ζευγνύντας τὸν ποταμόν·"
Herodotus,Historiae,6 78,παραγγέλλω,FALSE,FALSE,FALSE,FALSE,jonic,FALSE,TRUE,FALSE,TRUE,TRUE,TRUE,FALSE,12,8,3,True,παραγγέλλει,pres ind act 3rd sg,pres,FALSE,σφι,ἀναλαβόντας,aor part act masc acc pl,aor,pl,FALSE,TRUE,part,FALSE,NA,NA,NA,NA,NA,NA,χωρέειν,13,14,22,25,FALSE,transitive,transitive,NA,NA,FALSE,"Μαθὼν δὲ ὁ Κλεομένης ποιεῦντας τοὺς Ἀργείους ὁκοῖόν τι ὁ σφέτερος κῆρυξ σημήνειε, παραγγέλλει σφι, ὅταν σημήνῃ ὁ κῆρυξ ποιέεσθαι ἄριστον, τότε ἀναλαβόντας τὰ ὅπλα χωρέειν ἐς τοὺς Ἀργείους."
Herodotus,Historiae,9 53,παραγγέλλω,FALSE,FALSE,FALSE,FALSE,jonic,FALSE,TRUE,FALSE,FALSE,TRUE,TRUE,FALSE,7,1,3,True,παρήγγελλε,imperf ind act 3rd sg,imperf,FALSE,τοῖσι Λακεδαιμονίοισι,ἀναλαβόντας,aor part act masc acc pl,aor,pl,FALSE,TRUE,part,FALSE,NA,NA,NA,NA,NA,NA,ἰέναι,8,11,12,15,FALSE,transitive,transitive,NA,NA,FALSE,"Παυσανίης δὲ ὁρῶν σφέας ἀπαλλασσομένους ἐκ τοῦ στρατοπέδου παρήγγελλε καὶ τοῖσι Λακεδαιμονίοισι ἀναλαβόντας τὰ ὅπλα ἰέναι κατὰ τοὺς ἄλλους τοὺς προϊόντας, νομίσας αὐτοὺς ἐς τὸν χῶρον ἰέναι ἐς τὸν συνεθήκαντο."
Xenophon,Anabasis,1 2 1,παραγγέλλω,TRUE,FALSE,FALSE,FALSE,attic,TRUE,TRUE,TRUE,FALSE,TRUE,TRUE,FALSE,5,1,1,True,παραγγέλλει,pres ind act 3rd sg,pres,FALSE,τῷ τε Κλεάρχῳ,λαβόντι,aor part act masc dat sg,aor,sg,TRUE,TRUE,part,FALSE,NA,NA,NA,NA,NA,NA,ἥκειν,2,5,6,7,NA,transitive,transitive,NA,NA,TRUE,ἐνταῦθα καὶ παραγγέλλει τῷ τε Κλεάρχῳ λαβόντι ἥκειν ὅσον ἦν αὐτῷ στράτευμα καὶ τῷ Ἀριστίππῳ συναλλαγέντι πρὸς τοὺς οἴκοι ἀποπέμψαι πρὸς ἑαυτὸν ὃ εἶχε στράτευμα
Xenophon,Anabasis,1 2 1,παραγγέλλω,FALSE,FALSE,FALSE,FALSE,attic,TRUE,TRUE,FALSE,FALSE,TRUE,TRUE,FALSE,-1,11,-2,True,παραγγέλλει,pres ind act 3rd sg,pres,FALSE,Ξενίᾳ τῷ Ἀρκάδι,λαβόντα,aor part act masc acc sg,aor,sg,TRUE,TRUE,part,FALSE,NA,NA,NA,NA,NA,NA,ἥκειν,13,3,14,12,NA,transitive,transitive,NA,NA,TRUE,"καὶ Ξενίᾳ τῷ Ἀρκάδι, ὃς αὐτῷ προειστήκει τοῦ ἐν ταῖς πόλεσι ξενικοῦ, ἥκειν παραγγέλλει λαβόντα τοὺς ἄλλους πλὴν ὁπόσοι ἱκανοὶ ἦσαν τὰς ἀκροπόλεις φυλάττειν."
Xenophon,Anabasis,4 3 26,παραγγέλλω,FALSE,FALSE,FALSE,FALSE,attic,TRUE,TRUE,FALSE,FALSE,TRUE,TRUE,FALSE,5,10,-7,True,παρήγγειλε,aor ind act 3rd sg,aor,TRUE,τοῖς λοχαγοῖς,παραγαγόντας,aor part act masc acc pl,aor,pl,FALSE,TRUE,part,FALSE,NA,NA,NA,NA,NA,NA,ποιήσασθαι,1,3,13,6,NA,transitive,transitive,NA,NA,FALSE,"καὶ παρήγγειλε τοῖς λοχαγοῖς κατ' ἐνωμοτίας ποιήσασθαι ἕκαστον τὸν ἑαυτοῦ λόχον, παρ' ἀσπίδα παραγαγόντας τὴν ἐνωμοτίαν ἐπὶ φάλαγγος·"
Xenophon,Anabasis,4 3 29,παραγγέλλω,FALSE,FALSE,FALSE,FALSE,attic,TRUE,TRUE,FALSE,FALSE,TRUE,TRUE,FALSE,29,8,22,True,παρήγγειλεν,aor ind act 3rd sg,aor,TRUE,τοῖς δὲ παρ' ἑαυτῷ,παιανίσαντας,aor part act masc acc pl,aor,pl,FALSE,TRUE,part,FALSE,ἀναστρέψαντας,aor part act masc acc pl,FALSE,NA,NA,NA,ἡγεῖσθαι,4,3,11,33,NA,state,intransitive,NA,NA,FALSE,"τοῖς δὲ παρ' ἑαυτῷ παρήγγειλεν, ἐπειδὰν σφενδόνη ἐξικνῆται καὶ ἀσπὶς ψοφῇ, παιανίσαντας θεῖν εἰς τοὺς πολεμίους, ἐπειδὰν δ' ἀναστρέψωσιν οἱ πολέμιοι καὶ ἐκ τοῦ ποταμοῦ ὁ σαλπικτὴς σημήνῃ τὸ πολεμικόν, ἀναστρέψαντας ἐπὶ δόρυ ἡγεῖσθαι μὲν τοὺς οὐραγούς, θεῖν δὲ πάντας καὶ διαβαίνειν ὅτι τάχιστα ᾗ ἕκαστος τὴν τάξιν εἶχεν, ὡς μὴ ἐμποδίζειν ἀλλήλους·"
Xenophon,Anabasis,5 2 12,παραγγέλλω,FALSE,FALSE,FALSE,FALSE,attic,TRUE,TRUE,FALSE,FALSE,TRUE,TRUE,FALSE,2,2,1,True,παρήγγειλε,aor ind act 3rd sg,aor,TRUE,τοῖς πελτασταῖς πᾶσι,διηγκυλωμένους,perf part mp masc acc pl,perf,pl,FALSE,NA,part,FALSE,ἀναστρέφοντα,pres part act masc acc sg,FALSE,NA,NA,NA,ἰέναι,5,4,6,7,NA,absolute,intransitive,NA,NA,FALSE,"ὁ δὲ τοῖς πελτασταῖς πᾶσι παρήγγειλε διηγκυλωμένους ἰέναι, ὡς, ὁπόταν σημήνῃ, ἀκοντίζειν, καὶ τοὺς τοξότας ἐπιβεβλῆσθαι ἐπὶ ταῖς νευραῖς, ὡς, ὁπόταν σημήνῃ, τοξεύειν δεῆσον, καὶ τοὺς γυμνῆτας λίθων ἔχειν μεστὰς τὰς διφθέρας·"
Xenophon,Cyropaedia,2 4 2,παραγγέλλω,FALSE,FALSE,FALSE,FALSE,attic,TRUE,TRUE,FALSE,FALSE,TRUE,TRUE,FALSE,7,6,-3,True,παρήγγειλε,aor ind act 3rd sg,aor,TRUE,τῷ πρώτῳ τεταγμένῳ ταξιάρχῳ,ἄγοντα,pres part act masc acc sg,pres,sg,TRUE,FALSE,part,FALSE,ἔχοντα,pres part act masc acc sg,FALSE,NA,NA,NA,στῆναι,5,9,15,12,TRUE,transitive,transitive,transitive,transitive,FALSE,"ἀκούσας δὲ ταῦτα ὁ Κῦρος παρήγγειλε τῷ πρώτῳ τεταγμένῳ ταξιάρχῳ εἰς μέτωπον στῆναι, ἐφ' ἑνὸς ἄγοντα τὴν τάξιν, ἐν δεξιᾷ ἔχοντα ἑαυτόν, καὶ τῷ δευτέρῳ ἐκέλευσε ταὐτὸ τοῦτο παραγγεῖλαι, καὶ διὰ πάντων οὕτω παραδιδόναι ἐκέλευσεν."
Xenophon,Cyropaedia,3 3 34,παραγγέλλω,TRUE,FALSE,FALSE,FALSE,attic,TRUE,TRUE,TRUE,FALSE,TRUE,TRUE,FALSE,10,1,4,True,παρήγγειλε,aor ind act 3rd sg,aor,TRUE,τοῖς ἄλλοις ὁμοτίμοις,ἐστεφανωμένοις,perf part mp masc/neut dat pl,perf,pl,FALSE,NA,part,FALSE,NA,NA,NA,NA,NA,NA,παρεῖναι,8,13,14,18,NA,state,intransitive,NA,NA,FALSE,"τῇ δ' ὑστεραίᾳ πρῲ Κῦρος μὲν ἐστεφανωμένος ἔθυε, παρήγγειλε δὲ καὶ τοῖς ἄλλοις ὁμοτίμοις ἐστεφανωμένοις πρὸς τὰ ἱερὰ παρεῖναι."
Xenophon,Cyropaedia,6 3 21,παραγγέλλω,FALSE,FALSE,FALSE,FALSE,attic,TRUE,TRUE,FALSE,FALSE,TRUE,TRUE,FALSE,8,6,-3,True,παραγγείλατε,aor imperat act 2nd pl,aor,TRUE,τοῖς ταξιάρχοις καὶ λοχαγοῖς,ἔχοντας,pres part act masc acc pl,pres,pl,FALSE,FALSE,part,FALSE,NA,NA,NA,NA,NA,NA,καθίστασθαι,0,5,11,8,NA,transitive,transitive,NA,NA,FALSE,παραγγείλατε δὲ τοῖς ταξιάρχοις καὶ λοχαγοῖς ἐπὶ φάλαγγος καθίστασθαι εἰς δύο ἔχοντας ἕκαστον τὸν λόχον.
Xenophon,Hellenica,1 6 37,παραγγέλλω,FALSE,FALSE,FALSE,FALSE,attic,TRUE,TRUE,FALSE,FALSE,TRUE,TRUE,FALSE,12,9,4,True,παρήγγειλε,aor ind act 3rd sg,aor,TRUE,τοῖς στρατιώταις,ἐνθεμένους,aor part mid masc acc pl,aor,pl,FALSE,TRUE,part,FALSE,NA,NA,NA,NA,NA,NA,ἀποπλεῖν,16,15,24,28,NA,transitive,transitive,NA,NA,FALSE,"καὶ οἱ μὲν τοῦτ' ἐποίουν· αὐτὸς δ', ἐπειδὴ ἐκεῖνοι κατέπλεον, ἔθυε τὰ εὐαγγέλια, καὶ τοῖς στρατιώταις παρήγγειλε δειπνοποιεῖσθαι, καὶ τοῖς ἐμπόροις τὰ χρήματα σιωπῇ ἐνθεμένους εἰς τὰ πλοῖα ἀποπλεῖν εἰς Χίον (ἦν δὲ τὸ πνεῦμα οὔριον) καὶ τὰς τριήρεις τὴν ταχίστην."
Plato,Gorgias,485 b,προσήκει,FALSE,FALSE,TRUE,TRUE,attic,TRUE,FALSE,FALSE,TRUE,TRUE,TRUE,FALSE,1,5,-2,False,προσήκει,pres ind act 3rd sg,pres,FALSE,ᾧ,ψελλιζόμενον,pres part mp masc acc sg,pres,sg,TRUE,FALSE,part,FALSE,NA,NA,NA,NA,NA,NA,διαλέγεσθαι,7,5,10,8,NA,absolute,intransitive,NA,NA,FALSE,"ὅταν μὲν γὰρ παιδίον ἴδω, ᾧ ἔτι προσήκει διαλέγεσθαι οὕτω, ψελλιζόμενον καὶ παῖζον, χαίρω (...)"
Plato,Gorgias,525 b,προσήκει,TRUE,TRUE,TRUE,TRUE,attic,TRUE,FALSE,FALSE,FALSE,TRUE,FALSE,FALSE,13,6,1,False,προσήκει,pres ind act 3rd sg,pres,FALSE,παντὶ τῷ ἐν τιμωρίᾳ ὄντι,βελτίονι,dat comp sg,NA,sg,TRUE,NA,adj,TRUE,παραδείγματι,neut dat sg,TRUE,NA,NA,NA,γίγνεσθαι,0,6,12,13,NA,NA,NA,NA,NA,TRUE,"προσήκει δὲ παντὶ τῷ ἐν τιμωρίᾳ ὄντι, ὑπ᾽ ἄλλου ὀρθῶς τιμωρουμένῳ, ἢ βελτίονι γίγνεσθαι καὶ ὀνίνασθαι ἢ παραδείγματι τοῖς ἄλλοις γίγνεσθαι (...)"
Plato,Leges,758 c,προσήκει,FALSE,FALSE,TRUE,TRUE,attic,TRUE,FALSE,FALSE,FALSE,TRUE,TRUE,FALSE,5,7,-3,False,προσήκει,pres ind act 3rd sg,pres,FALSE,πόλει,ἐρωτήσασαν,aor part act fem acc sg (attic epic ionic),aor,sg,TRUE,TRUE,part,FALSE,NA,NA,NA,NA,NA,NA,ἀποκρίνεσθαί,10,11,18,15,NA,transitive,transitive,NA,NA,FALSE,"(...) ἄντε ἀγγέλλειν βούληταί τις ἐάντ' αὖ πυνθάνεσθαί τι τῶν ὧν προσήκει πόλει πρὸς πόλεις ἄλλας ἀποκρίνεσθαί τε, καὶ ἐρωτήσασαν ἑτέρας, ἀποδέξασθαι τὰς ἀποκρίσεις (...)"
Plato,Parmenides,139 c,προσήκει,TRUE,TRUE,TRUE,TRUE,attic,TRUE,FALSE,TRUE,FALSE,TRUE,FALSE,FALSE,-13,2,2,False,προσήκει,pres ind act 3rd sg,pres,FALSE,ἑνὶ,ἑτέρῳ,masc/neut dat sg,NA,sg,TRUE,NA,adj,TRUE,οὐδενί,dat sg,TRUE,NA,NA,NA,εἶναι,13,12,14,16,NA,NA,NA,NA,NA,FALSE,"ἕτερον δέ γε ἑτέρου οὐκ ἔσται, ἕως ἂν ᾖ ἕν: οὐ γὰρ ἑνὶ προσήκει ἑτέρῳ τινὸς εἶναι, ἀλλὰ μόνῳ ἑτέρῳ ἑτέρου, ἄλλῳ δὲ οὐδενί."
Plato,Phaedo,80 b,προσήκει,TRUE,TRUE,TRUE,TRUE,attic,TRUE,FALSE,FALSE,FALSE,TRUE,FALSE,FALSE,-11,5,1,False,προσήκει,pres ind act 3rd sg,pres,FALSE,ψυχῇ,ἀδιαλύτῳ,masc/fem/neut dat sg,NA,sg,TRUE,NA,adj,TRUE,NA,NA,NA,NA,NA,NA,εἶναι,11,12,17,18,NA,NA,NA,NA,NA,FALSE,"τί οὖν; τούτων οὕτως ἐχόντων ἆρ᾽ οὐχὶ σώματι μὲν ταχὺ διαλύεσθαι προσήκει, ψυχῇ δὲ αὖ τὸ παράπαν ἀδιαλύτῳ εἶναι ἢ ἐγγύς τι τούτου;"
Plato,Phaedrus,233 a,προσήκει,TRUE,TRUE,TRUE,TRUE,attic,TRUE,FALSE,FALSE,TRUE,TRUE,FALSE,FALSE,1,-1,3,False,προσήκει,pres ind act 3rd sg,pres,FALSE,σοι,βελτίονί,dat comp sg,NA,sg,TRUE,NA,adj,TRUE,ἐραστῇ,masc dat sg,TRUE,NA,NA,NA,γενέσθαι,5,4,3,6,NA,transitive,transitive,NA,NA,FALSE,καὶ μὲν δὴ βελτίονί σοι προσήκει γενέσθαι ἐμοὶ πειθομένῳ ἢ ἐραστῇ.
Plato,Politicus,311 c,προσήκει,TRUE,TRUE,TRUE,TRUE,attic,TRUE,FALSE,TRUE,FALSE,TRUE,FALSE,FALSE,1,-3,2,False,προσήκει,pres ind act 3rd sg,pres,FALSE,πόλει,εὐδαίμονι,dat sg,NA,sg,TRUE,NA,adj,TRUE,NA,NA,NA,NA,NA,NA,γίγνεσθαι,4,6,3,5,NA,NA,NA,NA,NA,FALSE,καὶ καθ᾽ ὅσον εὐδαίμονι προσήκει γίγνεσθαι πόλει (...)
Plato,Respublica,441 e,προσήκει,TRUE,TRUE,TRUE,TRUE,attic,TRUE,FALSE,FALSE,FALSE,TRUE,FALSE,FALSE,-5,1,1,False,προσήκει,pres ind act 3rd sg,pres,FALSE,θυμοειδεῖ,ὑπηκόῳ,dat masc sg,NA,sg,TRUE,NA,adj,TRUE,συμμάχῳ,masc/fem/neut dat sg,TRUE,NA,NA,NA,εἶναι,5,18,19,20,NA,copula,intransitive,transitive,transitive,FALSE,"Οὐκοῦν τῷ μὲν λογιστικῷ ἄρχειν προσήκει, σοφῷ ὄντι καὶ ἔχοντι τὴν ὑπὲρ ἁπάσης τῆς ψυχῆς προμήθειαν, τῷ δὲ θυμοειδεῖ ὑπηκόῳ εἶναι καὶ συμμάχῳ τούτου;"
Plato,Timaeus,29 b,προσήκει,TRUE,TRUE,TRUE,TRUE,attic,TRUE,FALSE,TRUE,FALSE,TRUE,FALSE,FALSE,-6,-2,3,False,προσήκει,pres ind act 3rd sg,pres,FALSE,λόγοις,ἀνελέγκτοις,masc/fem/neut dat pl,NA,pl,FALSE,NA,adj,TRUE,ἀνικήτοις,masc/fem/neut dat pl,TRUE,NA,NA,NA,εἶναι,6,7,5,8,NA,NA,NA,NA,NA,FALSE,καθ' ὅσον οἷόν τε καὶ ἀνελέγκτοις προσήκει λόγοις εἶναι καὶ ἀνικήτοις
Xenophon,Anabasis,3 2 11,προσήκει,TRUE,TRUE,TRUE,FALSE,attic,TRUE,FALSE,FALSE,TRUE,TRUE,FALSE,FALSE,-6,-2,4,False,προσήκει,pres ind act 3rd sg,pres,FALSE,ὑμῖν,ἀγαθοῖς,masc/neut dat pl,NA,pl,FALSE,NA,adj,TRUE,NA,NA,NA,NA,NA,NA,εἶναι,6,5,3,7,NA,NA,NA,NA,NA,FALSE,ἵνα εἰδῆτε ὡς ἀγαθοῖς τε ὑμῖν προσήκει εἶναι σῴζονταί τε σὺν τοῖς θεοῖς καὶ ἐκ πάνυ δεινῶν οἱ ἀγαθοί.
Xenophon,Hipparchicus,7 1,προσήκει,TRUE,TRUE,TRUE,FALSE,attic,TRUE,FALSE,TRUE,FALSE,TRUE,FALSE,FALSE,-3,1,1,False,προσήκει,pres ind act 3rd sg,pres,FALSE,Παντὶ … ἄρχοντι,φρονίμῳ,masc/fem/neut dat sg,NA,sg,TRUE,NA,adj,TRUE,NA,NA,NA,NA,NA,NA,εἶναι,3,4,5,6,NA,NA,NA,NA,NA,FALSE,παντὶ μὲν οὖν προσήκει ἄρχοντι φρονίμῳ εἶναι.
Herodotus,Historiae,1 53,συμβουλεύω,FALSE,FALSE,FALSE,FALSE,jonic,FALSE,TRUE,FALSE,TRUE,TRUE,TRUE,FALSE,4,1,2,True,συνεβούλευον,imperf ind act 3rd pl,imperf,FALSE,οἱ,ἑξευρόντα,pres part act masc acc sg,aor,sg,TRUE,TRUE,part,FALSE,NA,NA,NA,NA,NA,NA,προσθέσθαι,4,5,6,8,FALSE,transitive,transitive,NA,NA,FALSE,τοὺς δὲ Ἑλλήνων δυνατωτάτους συνεβούλευόν οἱ ἐξευρόντα φίλους προσθέσθαι.
Herodotus,Historiae,2 107,συμβουλεύω,FALSE,FALSE,FALSE,FALSE,jonic,FALSE,TRUE,FALSE,TRUE,TRUE,TRUE,FALSE,11,11,1,True,συμβουλεῦσαι,aor inf act,aor,TRUE,οἱ,ἐκτείναντα,aor part act masc acc sg,aor,sg,TRUE,TRUE,part,FALSE,ἐπιβαίνοντας,pres part act masc acc pl,FALSE,NA,NA,NA,γεφυρῶσαι,3,2,13,14,FALSE,transitive,transitive,NA,NA,FALSE,"Τὴν δέ οἱ συμβουλεῦσαι τῶν παίδων ἐόντων ἓξ τοὺς δύο ἐπὶ τὴν πυρὴν ἐκτείναντα γεφυρῶσαι τὸ καιόμενον, αὐτοὺς δ' ἐπ' ἐκείνων ἐπιβαίνοντας ἐκσῴζεσθαι"
Herodotus,Historiae,7 120,συμβουλεύω,FALSE,FALSE,FALSE,FALSE,jonic,FALSE,TRUE,FALSE,FALSE,TRUE,TRUE,FALSE,11,5,5,True,συνεβούλευσε,aor ind act 3rd sg,aor,TRUE,Ἀβδηρίτῃσι,ἐλθόντας,aor part act masc acc pl,aor,pl,FALSE,TRUE,part,FALSE,ἱκέτας,masc acc pl,FALSE,παραιτεομένους,pres part mp masc acc pl,FALSE,ἵζεσθαι,1,2,7,12,FALSE,movement,intransitive,transitive,transitive,FALSE,"ὃς συνεβούλευσε Ἀβδηρίτῃσι πανδημεὶ αὐτοὺς καὶ γυναῖκας, ἐλθόντας ἐς τὰ σφέτερα ἱρά, ἵζεσθαι ἱκέτας τῶν θεῶν παραιτεομένους καὶ τὸ λοιπόν σφι ἀπαμύνειν τῶν ἐπιόντων κακῶν τὰ ἡμίσεα, τῶν τε παροιχομένων ἔχειν σφι μεγάλην χάριν, ὅτι βασιλεὺς Ξέρξης οὐ δὶς ἑκάστης ἡμέρης ἐνόμισε σῖτον αἱρέεσθαι·"
Herodotus,Historiae,7 141,συμβουλεύω,TRUE,FALSE,FALSE,FALSE,jonic,FALSE,TRUE,TRUE,TRUE,TRUE,TRUE,FALSE,7,2,4,True,συνεβούλευέ,imperf ind act 3rd sg,imperf,FALSE,σφι,λαβοῦσι,aor part act masc/neut dat pl,aor,pl,FALSE,TRUE,part,FALSE,ἐλθόντας,aor part act masc acc pl,FALSE,ἱκέτας,masc acc pl,FALSE,χρᾶσθαι,10,11,13,17,FALSE,transitive,transitive,movement,intransitive,TRUE,"Τίμων ὁ Ἀνδροβούλου, τῶν Δελφῶν ἀνὴρ δόκιμος ὅμοια τῷ μάλιστα, συνεβούλευέ σφι ἱκετηρίας λαβοῦσι δεύτερα αὖτις ἐλθόντας χρᾶσθαι τῷ χρηστηρίῳ ὡς ἱκέτας."
Herodotus,Historiae,7 173,συμβουλεύω,FALSE,FALSE,FALSE,FALSE,jonic,FALSE,TRUE,FALSE,TRUE,TRUE,TRUE,FALSE,8,3,4,True,συνεβούλευόν,imperf ind act 3rd pl,imperf,FALSE,σφι,μένοντας,pres part act masc acc pl,pres,pl,FALSE,FALSE,part,FALSE,NA,NA,NA,NA,NA,NA,καταπατηθῆναι,9,10,13,17,FALSE,state,intransitive,NA,NA,FALSE,"ἀπικόμενοι γὰρ ἄγγελοι παρὰ Ἀλεξάνδρου τοῦ Ἀμύντεω ἀνδρὸς Μακεδόνος συνεβούλευόν σφι ἀπαλλάσσεσθαι μηδὲ μένοντας ἐν τῇ ἐσβολῇ καταπατηθῆναι ὑπὸ τοῦ στρατοῦ τοῦ ἐπιόντος, σημαίνοντες τὸ πλῆθός τε τῆς στρατιῆς καὶ τὰς νέας·"
Plato,Charmides,176a3,συμβουλεύω,FALSE,FALSE,FALSE,TRUE,attic,TRUE,TRUE,TRUE,TRUE,TRUE,TRUE,FALSE,-17,20,-2,True,συμβουλεύσαιμι,aor opt act 1st sg,aor,TRUE,σοι,εὐδαιμονέστερον,masc acc comp sg,NA,sg,TRUE,NA,part,FALSE,NA,NA,NA,NA,NA,NA,ἡγεῖσθαι εἶναι,17,16,36,34,NA,NA,NA,NA,NA,FALSE,"ἀλλ' ὅρα εἰ ἔχεις τε καὶ μηδὲν δέῃ τῆς ἐπῳδῆς· εἰ γὰρ ἔχεις, μᾶλλον ἂν ἔγωγέ σοι συμβουλεύσαιμι ἐμὲ μὲν λῆρον ἡγεῖσθαι εἶναι καὶ ἀδύνατον λόγῳ ὁτιοῦν ζητεῖν, σεαυτὸν δέ, ὅσῳπερ σωφρονέστερος εἶ, τοσούτῳ εἶναι καὶ εὐδαιμονέστερον."
Plato,Respublica,390 e,συμβουλεύω,TRUE,FALSE,FALSE,TRUE,attic,TRUE,TRUE,TRUE,TRUE,TRUE,TRUE,FALSE,5,3,1,True,συμβουλεύων,pres part act masc nom sg,pres,FALSE,αὐτῷ,λαβόντι,aor part act masc/neut dat sg,aor,sg,TRUE,TRUE,part,FALSE,NA,NA,NA,NA,NA,NA,ἐπαμύνειν,10,11,14,15,NA,transitive,transitive,NA,NA,FALSE,"οὐδὲ τὸν τοῦ Ἀχιλλέως παιδαγωγὸν Φοίνικα ἐπαινετέον ὡς μετρίως ἔλεγε συμβουλεύων αὐτῷ δῶρα μὲν λαβόντι ἐπαμύνειν τοῖς Ἀχαιοῖς, ἄνευ δὲ δώρων μὴ ἀπαλλάττεσθαι τῆς μήνιος."
Xenophon,Anabasis,3 1 5,συμβουλεύω,FALSE,FALSE,FALSE,FALSE,attic,TRUE,TRUE,FALSE,FALSE,TRUE,TRUE,FALSE,6,1,3,True,συμβουλεύει,pres ind act 3rd sg,pres,FALSE,τῷ Ξενοφῶντι,ἐλθόντα,aor part act masc acc sg,aor,sg,TRUE,TRUE,part,FALSE,NA,NA,NA,NA,NA,NA,ἀνακοινῶσαι,0,2,3,6,NA,movement,intransitive,NA,NA,FALSE,συμβουλεύει τῷ Ξενοφῶντι ἐλθόντα εἰς Δελφοὺς ἀνακοινῶσαι τῷ θεῷ περὶ τῆς πορείας.
Xenophon,Anabasis,7 1 30,συμβουλεύω,FALSE,FALSE,FALSE,FALSE,attic,TRUE,TRUE,FALSE,TRUE,TRUE,TRUE,FALSE,8,4,6,True,συμβουλεύω,pres ind act 1st sg,pres,FALSE,ὑμῖν,ὄντας,pres part act masc acc pl,pres,pl,FALSE,FALSE,part,FALSE,πειθομένους,pres part mp masc acc pl,FALSE,NA,NA,NA,πειρᾶσθαι,3,1,5,11,NA,copula,intransitive,transitive,transitive,FALSE,καὶ ὑμῖν δὲ συμβουλεύω Ἕλληνας ὄντας τοῖς τῶν Ἑλλήνων προεστηκόσι πειθομένους πειρᾶσθαι τῶν δικαίων τυγχάνειν.
Xenophon,Cyropaedia,4 5 32,συμβουλεύω,FALSE,FALSE,FALSE,FALSE,attic,TRUE,TRUE,FALSE,TRUE,TRUE,TRUE,FALSE,0,24,1,True,συμβουλεύω,pres ind act 1st sg,pres,FALSE,σοι,ἀπειλοῦντα,pres part act masc acc sg,pres,sg,TRUE,FALSE,part,FALSE,φάσκοντα,pres part act masc acc sg,FALSE,ἔρημον,masc acc sg,FALSE,ἀφαιρεῖσθαι / μεταπέμπεσθαι / εἶναι,0,2,26,27,NA,absolute,intransitive,absolute,intransitive,FALSE,"συμβουλεύω δέ σοι καίπερ νεώτερος ὢν μὴ ἀφαιρεῖσθαι ἃ ἂν δῷς, ἵνα μή σοι ἀντὶ χαρίτων ἔχθραι ὀφείλωνται, μηδ' ὅταν τινὰ βούλῃ πρὸς σὲ ταχὺ ἐλθεῖν, ἀπειλοῦντα μεταπέμπεσθαι, μηδὲ φάσκοντα ἔρημον εἶναι ἅμα πολλοῖς ἀπειλεῖν, ἵνα μὴ διδάσκῃς αὐτοὺς σοῦ μὴ φροντίζειν."
Xenophon,Hipparchicus,1 18,συμβουλεύω,FALSE,FALSE,FALSE,FALSE,attic,TRUE,TRUE,FALSE,TRUE,TRUE,TRUE,FALSE,2,11,-10,True,συμβουλεῦσαι,aor inf act,aor,TRUE,αὐτοῖς,ἐκβιβάζοντας,pres part act masc acc pl,pres,pl,FALSE,FALSE,part,FALSE,NA,NA,NA,NA,NA,NA,μελετᾶν,5,6,17,7,NA,movement,intransitive,NA,NA,FALSE,"συγκαλέσαντα δὲ χρὴ τοὺς ἱππέας συμβουλεῦσαι αὐτοῖς μελετᾶν, καὶ ὅταν εἰς χώραν ἐλαύνωσι καὶ ὅταν ἄλλοσέ ποι, ἐκβιβάζοντας τῶν ὁδῶν καὶ ταχὺ ἐλαύνοντας ἐν τόποις παντοδαποῖς."
Xenophon,Memorabilia,1 3 6,συμβουλεύω,FALSE,FALSE,FALSE,TRUE,attic,TRUE,TRUE,TRUE,FALSE,TRUE,TRUE,FALSE,6,6,1,True,συνεβούλευε,imperf ind act 3rd sg,imperf,FALSE,τοῖς δὲ μὴ δυναμένοις τοῦτο ποιεῖν,πεινῶντας,pres part act masc acc pl,pres,pl,FALSE,FALSE,part,FALSE,διψῶντας,pres part act masc acc pl,FALSE,NA,NA,NA,ἐσθίειν,6,5,11,12,NA,absolute,intransitive,absolute,intransitive,FALSE,τοῖς δὲ μὴ δυναμένοις τοῦτο ποιεῖν συνεβούλευε φυλάττεσθαι τὰ πείθοντα μὴ πεινῶντας ἐσθίειν μηδὲ διψῶντας πίνειν·
Xenophon,Oeconomicus,11 23 7,συμφέρει,FALSE,TRUE,TRUE,TRUE,attic,TRUE,FALSE,FALSE,TRUE,TRUE,FALSE,FALSE,-1,1,1,False,συμφέρει,pres ind act 3rd sg,pres,FALSE,αὐτοῖς,φίλους,masc acc pl,NA,pl,FALSE,NA,adj,TRUE,πολεμίους,masc acc pl,FALSE,NA,NA,NA,εἶναι,1,2,3,4,NA,NA,NA,NA,NA,FALSE,ὡς συμφέρει αὐτοῖς φίλους εἶναι μᾶλλον ἢ πολεμίους
Plato,Phaedo,81 a,ὑπάρχει,TRUE,TRUE,TRUE,TRUE,attic,TRUE,FALSE,FALSE,TRUE,TRUE,FALSE,FALSE,-2,1,1,False,ὑπάρχει,pres ind act 3rd sg,pres,FALSE,Ἀφικομένῃ … αὐτῇ,εὐδαίμονι,dat sg,NA,sg,TRUE,NA,adj,TRUE,NA,NA,NA,NA,NA,NA,εἶναι,2,3,4,5,NA,NA,NA,NA,NA,FALSE,οἷ ἀφικομένῃ ὑπάρχει αὐτῇ εὐδαίμονι εἶναι
Herodotus,Historiae,7 53,χρῄζω,FALSE,TRUE,FALSE,FALSE,jonic,FALSE,TRUE,FALSE,TRUE,FALSE,FALSE,FALSE,4,3,2,True,χρηίζων,pres part act masc nom sg,pres,FALSE,ὑμέων,ἄνδρας,masc acc pl,NA,pl,FALSE,NA,noun,FALSE,NA,NA,NA,NA,NA,NA,γίνεσθαι,5,4,7,9,FALSE,NA,NA,NA,NA,FALSE,"ὦ Πέρσαι, τῶνδ' ἐγὼ ὑμέων χρηίζων συνέλεξα, ἄνδρας τε γίνεσθαι ἀγαθοὺς καὶ μὴ καταισχύνειν τὰ πρόσθε ἐργασμένα Πέρσῃσι(...)"
